# produced by scripts/export_coupling_constructions.py; SrTiO3, 300 K, 11^3 outer mesh, stress-correlator kernel,
# Vogt Gamma exception; A = transferred coupling (retired), B = projected harmonic coupling, C = projected SCPH coupling;
# surface hybrid = example harmonic set + QE strain perturbation (production); diagnostic = own QE-PBEsol harmonic set;
# three lowest renormalised modes along Gamma-X and Gamma-M at inner mesh 12^3; q in reduced units (2 pi/a);
# Lambda in cm^-2 per unit engineering shear; an acoustic strain coupling must scale as q^2 (Lambda/q^2 finite).
surface,line,q_reduced,mode,character,omega_r_cm1,Lambda_A_cm2,Lambda_B_cm2,Lambda_C_cm2,Lambda_A_over_q2,Lambda_B_over_q2,Lambda_C_over_q2
hybrid,GX,0.025,1,TA,9.864390637,3.002827179,-1.19168778,-1.782792047,4804.523486,-1906.700447,-2852.467276
hybrid,GX,0.025,2,TA,9.864390781,-0.6525469696,2.378630802,3.047150248,-1044.075151,3805.809283,4875.440397
hybrid,GX,0.025,3,LA,18.10793757,40.70534985,40.71553637,38.7088933,65128.55975,65144.85819,61934.22928
hybrid,GX,0.05,1,TA,19.53822815,4.184251602,-4.806894637,-7.02157797,1673.700641,-1922.757855,-2808.631188
hybrid,GX,0.05,2,TA,19.53822844,18.50198328,8.131167488,11.12617514,7400.793312,3252.466995,4450.470058
hybrid,GX,0.05,3,LA,35.84831311,160.1459027,160.3666125,152.6444708,64058.36108,64146.645,61057.78833
hybrid,GX,0.075,1,TA,28.85053693,35.78180547,-10.65574777,-15.14041414,6361.209861,-1894.355159,-2691.62918
hybrid,GX,0.075,2,TA,28.85053738,67.0155022,13.69689149,21.50034946,11913.86706,2435.002931,3822.284349
hybrid,GX,0.075,3,LA,52.85680052,348.9214371,350.4963915,334.2193752,62030.47771,62310.46959,59416.77781
hybrid,GX,0.1,1,TA,37.67004582,117.6749432,-17.62002445,-24.55907551,11767.49432,-1762.002445,-2455.907551
hybrid,GX,0.1,2,TA,37.67004643,169.8638711,14.85614,30.91051534,16986.38711,1485.614,3091.051534
hybrid,GX,0.1,3,LA,68.78967577,587.68506,594.3693186,567.979726,58768.506,59436.93186,56797.9726
hybrid,GX,0.15,1,TA,53.55829921,-253.5223678,-23.41154321,-34.60262779,-11267.66079,-1040.513032,-1537.894568
hybrid,GX,0.15,2,TA,53.55830015,-203.5984788,-6.170072581,38.70258127,-9048.821281,-274.2254481,1720.114723
hybrid,GX,0.15,3,LA,96.35087389,1085.446841,1130.067515,1084.078793,48242.08181,50225.22291,48181.27969
hybrid,GM,0.025,1,TA,9.871084875,-142.9951121,-153.8871979,-4.13364524,-228792.1794,-246219.5166,-6613.832384
hybrid,GM,0.025,2,TA,11.75129208,93.27241652,42.5911502,124.4004104,149235.8664,68145.84032,199040.6566
hybrid,GM,0.025,3,LA,16.97117623,-498.599338,-497.8448739,-383.6079121,-797758.9409,-796551.7983,-613772.6593
hybrid,GM,0.05,1,TA,19.5888129,-423.9612812,-621.9541564,-25.82048197,-169584.5125,-248781.6625,-10328.19279
hybrid,GM,0.05,2,TA,23.28417309,1121.953105,223.145818,510.6535533,448781.2419,89258.32721,204261.4213
hybrid,GM,0.05,3,LA,33.74370199,-2023.69794,-2010.495314,-1528.603383,-809479.1759,-804198.1257,-611441.3532
hybrid,GM,0.075,1,TA,29.00644242,-262.2632738,-1414.386046,-83.99869612,-46624.58201,-251446.4082,-14933.10153
hybrid,GM,0.075,2,TA,34.37656504,5712.125097,697.2359883,1198.044617,1015488.906,123953.0646,212985.7097
hybrid,GM,0.075,3,LA,50.09511449,-4682.753461,-4606.442234,-3430.651982,-832489.5042,-818923.0637,-609893.6857
hybrid,GM,0.1,1,TA,37.99363509,1202.722453,-2534.114841,-196.935264,120272.2453,-253411.4841,-19693.5264
hybrid,GM,0.1,2,TA,44.81201117,16931.79164,1715.362318,2257.409665,1693179.164,171536.2318,225740.9665
hybrid,GM,0.1,3,LA,65.75720277,-8715.96133,-8434.127612,-6130.051073,-871596.133,-843412.7612,-613005.1073
hybrid,GM,0.15,1,TA,54.2904368,-3269.875435,-5637.66803,-576.9249603,-145327.7971,-250563.0235,-25641.10934
hybrid,GM,0.15,2,TA,62.95906425,67079.29277,6475.627305,5784.579659,2981301.901,287805.658,257092.4293
hybrid,GM,0.15,3,LA,93.55883703,-22677.27689,-20927.39294,-14801.30123,-1007878.973,-930106.3528,-657835.6104
diagnostic,GX,0.025,1,TA,9.874613711,-0.780354498,-1.235262906,-2.624493405,-1248.567197,-1976.42065,-4199.189449
diagnostic,GX,0.025,2,TA,9.874613857,2.856375126,2.335258348,4.044419701,4570.200201,3736.413357,6471.071522
diagnostic,GX,0.025,3,LA,17.79278564,40.70833952,40.71878297,35.5316977,65133.34324,65150.05276,56850.71633
diagnostic,GX,0.05,1,TA,19.48143985,1.949667298,-5.438582041,-10.56700506,779.8669193,-2175.432817,-4226.802023
diagnostic,GX,0.05,2,TA,19.48144015,15.93621683,7.508011498,15.63101014,6374.486731,3003.204599,6252.404056
diagnostic,GX,0.05,3,LA,35.22808307,160.2130524,160.4314293,140.4670911,64085.22096,64172.57171,56186.83644
diagnostic,GX,0.075,1,TA,28.59861224,24.36507537,-13.41399237,-23.59388928,4331.568955,-2384.709755,-4194.469206
diagnostic,GX,0.075,2,TA,28.59861271,53.86493684,11.02028557,33.29891583,9575.988771,1959.16188,5919.807259
diagnostic,GX,0.075,3,LA,51.9669724,349.5462626,351.0400311,308.9289026,62141.5578,62407.11665,54920.69379
diagnostic,GX,0.1,1,TA,37.08723742,90.88183081,-24.76230016,-40.22739652,9088.183081,-2476.230016,-4022.739652
diagnostic,GX,0.1,2,TA,37.08723807,138.6095051,8.113669035,55.13493012,13860.95051,811.3669035,5513.493012
diagnostic,GX,0.1,3,LA,67.70840907,591.0319902,597.1091478,528.7115093,59103.19902,59710.91478,52871.15093
diagnostic,GX,0.15,1,TA,52.07648653,373.9048201,-44.85692275,-69.69173012,16617.992,-1993.641011,-3097.410228
diagnostic,GX,0.15,2,TA,52.07648756,450.0183797,-24.60508343,104.7444355,20000.81688,-1093.559263,4655.308242
diagnostic,GX,0.15,3,LA,95.36679837,1117.55239,1155.817458,1035.732379,49668.99512,51369.66481,46032.55019
diagnostic,GM,0.025,1,TA,9.883043258,-16.05515704,-21.28554326,137.4645598,-25688.25127,-34056.86922,219943.2956
diagnostic,GM,0.025,2,TA,10.40435529,1425.838034,1489.100682,1590.467223,2281340.854,2382561.092,2544747.557
diagnostic,GM,0.025,3,LA,17.50892469,910.3208843,918.5430775,1078.467916,1456513.415,1469668.924,1725548.666
diagnostic,GM,0.05,1,TA,19.54387702,-19.45876139,-108.4965774,522.7884782,-7783.504558,-43398.63096,209115.3913
diagnostic,GM,0.05,2,TA,20.56399338,5108.25421,5847.859878,6178.870078,2043301.684,2339143.951,2471548.031
diagnostic,GM,0.05,3,LA,34.7714158,2885.861263,3016.268249,3687.949761,1154344.505,1206507.299,1475179.904
diagnostic,GM,0.075,1,TA,28.7848621,173.4328898,-320.1297599,1086.597043,30832.51374,-56911.95731,193172.8076
diagnostic,GM,0.075,2,TA,30.27780216,12291.45247,12664.52013,13171.71725,2185147.107,2251470.245,2341638.623
diagnostic,GM,0.075,3,LA,51.51985472,3823.945813,4467.48182,6093.163075,679812.589,794218.9903,1083228.991
diagnostic,GM,0.1,1,TA,37.45803135,950.0155317,-733.545793,1733.371482,95001.55317,-73354.5793,173337.1482
diagnostic,GM,0.1,2,TA,39.42493496,42757.38443,21008.79447,21447.63388,4275738.443,2100879.447,2144763.388
diagnostic,GM,0.1,3,LA,67.44909839,834.9179504,2746.909714,5893.136684,83491.79504,274690.9714,589313.6684
diagnostic,GM,0.15,1,TA,52.84185874,-307.5198365,-2428.73322,2890.360272,-13667.54829,-107943.6987,128460.4565
diagnostic,GM,0.15,2,TA,55.88979059,146363.9652,35847.97578,35056.79934,6505065.118,1593243.368,1558079.97
diagnostic,GM,0.15,3,LA,95.37022754,-24755.97866,-18213.7351,-10131.12177,-1100265.718,-809499.3378,-450272.0785
