# acoustic_limit_smallq.py: three lowest renormalised modes, hybrid model, 300 K, 2^3/12^3; |q| reduced (2 pi/a) along
# the unit direction of each line; Lambda in cm^-2 per unit engineering shear; A = maximum-overlap scalar transfer,
# B = projected harmonic, C = projected SCPH; _raw from K, _sym from its symmetric part K_sym; partner = bare mode of
# largest overlap (overlap_single) and the overlap summed over the renormalised multiplet (overlap_multiplet).
# Direct, ungrouped projections for distinct branches (blocks only for exact degeneracy, 1e-3 cm^-1); *_grouped0p5
# = former 0.5 cm^-1 grouping; ta_splitting_cm1 = splitting of the two lowest modes; translation_residual_* =
# ||K t|| / ||K|| at |q| = 1e-4 along Gamma-M for the mass-weighted uniform translations t (acoustic sum rule of K).
# K_HA: harmonic strained sets in the production ALAMODE convention (translationally invariant); *_qeconv: the former
# evaluation (QE-convention rigid-ion term of the strained cells, symmetrised; not translationally invariant).
line,q_reduced,mode,character,polarisation,omega_r_cm1,partner_bare_index,partner_omega_bare_cm1,partner_overlap_single,partner_overlap_multiplet,ta_splitting_cm1,grouped_at_0p5,Lambda_A_raw,Lambda_A_raw_over_q2,Lambda_A_raw_grouped0p5_over_q2,Lambda_B_raw,Lambda_B_raw_over_q2,Lambda_B_raw_grouped0p5_over_q2,Lambda_C_raw,Lambda_C_raw_over_q2,Lambda_C_raw_grouped0p5_over_q2,Lambda_A_sym,Lambda_A_sym_over_q2,Lambda_A_sym_grouped0p5_over_q2,Lambda_B_sym,Lambda_B_sym_over_q2,Lambda_B_sym_grouped0p5_over_q2,Lambda_C_sym,Lambda_C_sym_over_q2,Lambda_C_sym_grouped0p5_over_q2,Lambda_A_qeconv,Lambda_A_qeconv_over_q2,Lambda_A_qeconv_grouped0p5_over_q2,Lambda_B_qeconv,Lambda_B_qeconv_over_q2,Lambda_B_qeconv_grouped0p5_over_q2,Lambda_C_qeconv,Lambda_C_qeconv_over_q2,Lambda_C_qeconv_grouped0p5_over_q2,translation_residual_K_HA,translation_residual_K_HA_qeconv,translation_residual_K_SCPH
GM,0.1,1,TA,[001],37.9936,3,47.6681,0.732722,0.732722,6.81838,False,1202.72,120272,120272,-2534.11,-253411,-253411,-196.935,-19693.5,-19693.5,1034.96,103496,103496,-2547.57,-254757,-254757,-226.218,-22621.8,-22621.8,1034.96,103496,103496,-2547.57,-254757,-254757,-226.218,-22621.8,-22621.8,4.41005e-05,0.0694701,4.04145e-05
GM,0.1,2,TA,[1-10],44.812,4,50.9762,0.789384,0.789384,6.81838,False,16931.8,1.69318e+06,1.69318e+06,1715.36,171536,171536,2257.41,225741,225741,16774.4,1.67744e+06,1.67744e+06,1405.72,140572,140572,1954.86,195486,195486,19814.7,1.98147e+06,1.98147e+06,1726.73,172673,172673,1954.86,195486,195486,4.41005e-05,0.0694701,4.04145e-05
GM,0.1,3,LA,,65.7572,5,64.9278,0.999553,0.999553,6.81838,False,-8715.96,-871596,-871596,-8434.13,-843413,-843413,-6130.05,-613005,-613005,-8934.8,-893480,-893480,-8650.24,-865024,-865024,-6313.64,-631364,-631364,-7988.03,-798803,-798803,-8071.48,-807148,-807148,-6313.64,-631364,-631364,4.41005e-05,0.0694701,4.04145e-05
GM,0.05,1,TA,[001],19.5888,3,20.7576,0.982135,0.982135,3.69536,False,-423.961,-169585,-169585,-621.954,-248782,-248782,-25.8205,-10328.2,-10328.2,-442.401,-176960,-176960,-630.007,-252003,-252003,-36.8268,-14730.7,-14730.7,-442.401,-176960,-176960,-630.007,-252003,-252003,-36.8268,-14730.7,-14730.7,4.41005e-05,0.0694701,4.04145e-05
GM,0.05,2,TA,[1-10],23.2842,4,23.8774,0.987261,0.987261,3.69536,False,1121.95,448781,448781,223.146,89258.3,89258.3,510.654,204261,204261,1040.83,416331,416331,135.588,54235.2,54235.2,424.681,169873,169873,1770.51,708202,708202,254.28,101712,101712,424.681,169873,169873,4.41005e-05,0.0694701,4.04145e-05
GM,0.05,3,LA,,33.7437,5,33.5351,0.999979,0.999979,3.69536,False,-2023.7,-809479,-809479,-2010.5,-804198,-804198,-1528.6,-611441,-611441,-2088.32,-835329,-835329,-2074.91,-829965,-829965,-1584.21,-633684,-633684,-1789.54,-715815,-715815,-1892.99,-757195,-757195,-1584.21,-633684,-633684,4.41005e-05,0.0694701,4.04145e-05
GM,0.025,1,TA,[001],9.87108,3,9.99749,0.998984,0.998984,1.88021,False,-142.995,-228792,-228792,-153.887,-246220,-246220,-4.13365,-6613.83,-6613.83,-145.993,-233589,-233589,-156.261,-250018,-250018,-7.17307,-11476.9,-11476.9,-145.993,-233589,-233589,-156.261,-250018,-250018,-7.17307,-11476.9,-11476.9,4.41005e-05,0.0694701,4.04145e-05
GM,0.025,2,TA,[1-10],11.7513,4,11.7694,0.999268,0.999268,1.88021,False,93.2724,149236,149236,42.5912,68145.8,68145.8,124.4,199041,199041,71.1194,113791,113791,20.119,32190.4,32190.4,102.314,163702,163702,244.219,390751,390751,52.6593,84254.9,84254.9,102.314,163702,163702,4.41005e-05,0.0694701,4.04145e-05
GM,0.025,3,LA,,16.9712,5,16.8891,0.999999,0.999999,1.88021,False,-498.599,-797759,-797759,-497.845,-796552,-796552,-383.608,-613773,-613773,-515.434,-824694,-824694,-514.666,-823466,-823466,-398.187,-637099,-637099,-436.718,-698748,-698748,-466.702,-746724,-746724,-398.187,-637099,-637099,4.41005e-05,0.0694701,4.04145e-05
GM,0.0125,1,TA,[001],4.94522,3,4.95368,0.999938,0.999938,0.944093,False,-37.7931,-241876,-241876,-38.4517,-246091,-246091,-0.968418,-6197.88,-6197.88,-38.4488,-246072,-246072,-39.069,-250041,-250041,-1.74726,-11182.5,-11182.5,-38.4488,-246072,-246072,-39.069,-250041,-250041,-1.74726,-11182.5,-11182.5,4.41005e-05,0.0694701,4.04145e-05
GM,0.0125,2,TA,[1-10],5.88931,4,5.86558,0.999955,0.999955,0.944093,False,12.9071,82605.7,82605.7,9.83163,62922.4,62922.4,30.9088,197816,197816,7.27239,46543.3,46543.3,4.1782,26740.5,26740.5,25.3512,162248,162248,49.929,319545,319545,12.5014,80009.2,80009.2,25.3512,162248,162248,4.41005e-05,0.0694701,4.04145e-05
GM,0.0125,3,LA,,8.49777,5,8.45942,1,1,0.944093,False,-124.246,-795177,-795177,-124.2,-794882,-794882,-96.0329,-614611,-614611,-128.499,-822391,-822391,-128.452,-822090,-822090,-99.7213,-638217,-638217,-108.566,-694824,-694824,-116.303,-744341,-744341,-99.7213,-638217,-638217,4.41005e-05,0.0694701,4.04145e-05
GM,0.00625,1,TA,[001],2.47382,3,2.4713,0.999996,0.999996,0.472542,True,-9.56608,-244892,-244892,-9.60689,-245936,-245936,-0.233255,-5971.34,-5971.34,-9.72428,-248942,-248942,-9.7627,-249925,-249925,-0.429169,-10986.7,-10986.7,-9.72428,-248942,-248942,-9.7627,-249925,-249925,-0.429169,-10986.7,-10986.7,4.41005e-05,0.0694701,4.04145e-05
GM,0.00625,2,TA,[1-10],2.94636,4,2.93046,0.999997,0.999997,0.472542,True,2.59773,66501.8,66501.8,2.40696,61618.2,61618.2,7.71537,197513,197513,1.18332,30293.1,30293.1,0.991409,25380.1,25380.1,6.32372,161887,161887,11.8086,302299,302299,3.0841,78953.1,78953.1,6.32372,161887,161887,4.41005e-05,0.0694701,4.04145e-05
GM,0.00625,3,LA,,4.2504,5,4.23156,1,1,0.472542,False,-31.0361,-794523,-794523,-31.0332,-794450,-794450,-24.0158,-614806,-614806,-32.1018,-821807,-821807,-32.0989,-821732,-821732,-24.9407,-638482,-638482,-27.1029,-693833,-693833,-29.0519,-743729,-743729,-24.9407,-638482,-638482,4.41005e-05,0.0694701,4.04145e-05
GM,0.003,1,TA,[001],1.18758,3,1.18554,1,1,0.226881,True,-2.21091,-245656,-245656,-2.21307,-245897,-245897,-0.0532165,-5912.94,-5912.94,-2.24702,-249669,-249669,-2.24906,-249895,-249895,-0.0984263,-10936.3,-10936.3,-2.24702,-249669,-249669,-2.24906,-249895,-249895,-0.0984263,-10936.3,-10936.3,4.41005e-05,0.0694701,4.04145e-05
GM,0.003,2,TA,[1-10],1.41446,4,1.40634,1,1,0.226881,True,0.56166,62406.7,62406.7,0.551553,61283.7,61283.7,1.77692,197436,197436,0.235449,26161,26161,0.225281,25031.2,25031.2,1.45616,161795,161795,2.6812,297912,297912,0.708142,78682.5,78682.5,1.45616,161795,161795,4.41005e-05,0.0694701,4.04145e-05
GM,0.003,3,LA,,2.04038,5,2.03137,1,1,0.226881,False,-7.14921,-794356,-794356,-7.14905,-794339,-794339,-5.53371,-614856,-614856,-7.39492,-821658,-821658,-7.39476,-821641,-821641,-5.74695,-638550,-638550,-6.24222,-693580,-693580,-6.69216,-743573,-743573,-5.74695,-638550,-638550,4.41005e-05,0.0694701,4.04145e-05
GR,0.1,1,TA,,42.844,4,49.3808,0.76468,0.784744,2.089e-12,True,17084.5,1.70845e+06,1.70845e+06,-1004.85,-100485,-100485,929.522,92952.2,92952.2,16962.5,1.69625e+06,1.69625e+06,-1333.41,-133341,-133341,594.854,59485.4,59485.4,-9662.14,-966214,-966214,-1011.73,-101173,-101173,594.854,59485.4,59485.4,4.41005e-05,0.0694701,4.04145e-05
GR,0.1,2,TA,,42.844,3,49.3808,0.76468,0.784744,2.089e-12,True,-9073.19,-907319,-907319,1867.82,186782,186782,2119.89,211989,211989,-9917.03,-991703,-991703,1685.66,168566,168566,1943.27,194327,194327,20470.3,2.04703e+06,2.04703e+06,2118.08,211808,211808,1943.27,194327,194327,4.41005e-05,0.0694701,4.04145e-05
GR,0.1,3,LA,,64.7829,5,64.1639,0.999614,0.999614,2.089e-12,False,-6931.48,-693148,-693148,-6656,-665600,-665600,-5788.15,-578815,-578815,-6610.81,-661081,-661081,-6326.67,-632667,-632667,-5459.22,-545922,-545922,-6793.84,-679384,-679384,-6572.01,-657201,-657201,-5459.22,-545922,-545922,4.41005e-05,0.0694701,4.04145e-05
GR,0.05,1,TA,,22.1399,3,22.869,0.785044,0.986025,1.99663e-12,True,-761.113,-304445,-304445,-265.416,-106167,-106167,246.639,98655.7,98655.7,-919.438,-367775,-367775,-383.633,-153453,-153453,127.839,51135.7,51135.7,-918.881,-367552,-367552,-264.953,-105981,-105981,127.839,51135.7,51135.7,4.41005e-05,0.0694701,4.04145e-05
GR,0.05,2,TA,,22.1399,4,22.869,0.785044,0.986025,1.99663e-12,True,1241.35,496539,496539,280.674,112270,112270,469.461,187785,187785,1185.27,474109,474109,223.046,89218.2,89218.2,412.969,165188,165188,2033.84,813536,813536,378.773,151509,151509,412.969,165188,165188,4.41005e-05,0.0694701,4.04145e-05
GR,0.05,3,LA,,33.0125,5,32.8474,0.999985,0.999985,1.99663e-12,False,-1614.17,-645670,-645670,-1600.93,-640372,-640372,-1419.4,-567760,-567760,-1522.67,-609067,-609067,-1509,-603600,-603600,-1327.36,-530943,-530943,-1593.73,-637493,-637493,-1592.64,-637054,-637054,-1327.36,-530943,-530943,4.41005e-05,0.0694701,4.04145e-05
GR,0.025,1,TA,,11.1621,3,11.2101,0.707563,0.999184,4.87788e-12,True,-95.8317,-153331,-153331,-67.3296,-107727,-107727,62.5906,100145,100145,-130.645,-209032,-209032,-99.6163,-159386,-159386,30.2243,48358.9,48358.9,-134.004,-214407,-214407,-66.9976,-107196,-107196,30.2243,48358.9,48358.9,4.41005e-05,0.0694701,4.04145e-05
GR,0.025,2,TA,,11.1621,4,11.2101,0.707563,0.999184,4.87788e-12,True,112.565,180105,180105,57.6808,92289.2,92289.2,113.655,181849,181849,97.3609,155777,155777,42.44,67904,67904,98.6816,157891,157891,297.724,476359,476359,84.9948,135992,135992,98.6816,157891,157891,4.41005e-05,0.0694701,4.04145e-05
GR,0.025,3,LA,,16.5747,5,16.5062,0.999999,0.999999,4.87788e-12,False,-398.135,-637017,-637017,-397.363,-635781,-635781,-353.754,-566007,-566007,-374.67,-599473,-599473,-373.873,-598197,-598197,-330.226,-528361,-528361,-394.196,-630714,-630714,-396.316,-634105,-634105,-330.226,-528361,-528361,4.41005e-05,0.0694701,4.04145e-05
GR,0.0125,1,TA,,5.59263,4,5.57829,0.672367,0.99995,6.43929e-12,True,16.9666,108586,108586,-16.9466,-108459,-108459,15.6549,100191,100191,13.1044,83868.4,83868.4,-25.1973,-161263,-161263,7.38859,47287,47287,62.391,399303,399303,-16.8484,-107830,-107830,7.38859,47287,47287,4.41005e-05,0.0694701,4.04145e-05
GR,0.0125,2,TA,,5.59263,3,5.57829,0.672367,0.99995,6.43929e-12,True,-18.687,-119597,-119597,13.6277,87217.3,87217.3,28.1841,180378,180378,-27.0955,-173411,-173411,9.7642,62490.8,62490.8,24.3862,156071,156071,-28.1324,-180048,-180048,20.6408,132101,132101,24.3862,156071,156071,4.41005e-05,0.0694701,4.04145e-05
GR,0.0125,3,LA,,8.29568,5,8.26303,1,1,6.43929e-12,False,-99.2288,-635064,-635064,-99.1814,-634761,-634761,-88.3831,-565652,-565652,-93.3277,-597297,-597297,-93.2787,-596984,-596984,-82.47,-527808,-527808,-98.3218,-629259,-629259,-98.9874,-633520,-633520,-82.47,-527808,-527808,4.41005e-05,0.0694701,4.04145e-05
GR,0.00625,1,TA,,2.79777,3,2.78584,0.55071,0.999997,1.25628e-11,True,-4.34942,-111345,-111345,-4.24133,-108578,-108578,3.91669,100267,100267,-6.43326,-164692,-164692,-6.31531,-161672,-161672,1.83906,47080,47080,-6.70447,-171634,-171634,-4.2158,-107924,-107924,1.83906,47080,47080,4.41005e-05,0.0694701,4.04145e-05
GR,0.00625,2,TA,,2.79777,4,2.78584,0.55071,0.999997,1.25628e-11,True,3.56447,91250.3,91250.3,3.35724,85945.3,85945.3,7.03171,180012,180012,2.5953,66439.8,66439.8,2.38801,61133,61133,6.07882,155618,155618,14.8661,380571,380571,5.12222,131129,131129,6.07882,155618,155618,4.41005e-05,0.0694701,4.04145e-05
GR,0.00625,3,LA,,4.14887,5,4.13275,1,1,1.25628e-11,False,-24.7885,-634586,-634586,-24.7855,-634510,-634510,-22.0924,-565565,-565565,-23.3111,-596763,-596763,-23.308,-596685,-596685,-20.6122,-527672,-527672,-24.5667,-628907,-628907,-24.7414,-633379,-633379,-20.6122,-527672,-527672,4.41005e-05,0.0694701,4.04145e-05
GR,0.003,1,TA,,1.34311,3,1.3368,0.734189,1,4.17284e-11,True,-0.983208,-109245,-109245,-0.977479,-108609,-108609,0.902581,100287,100287,-1.46225,-162472,-162472,-1.456,-161777,-161777,0.42324,47026.6,47026.6,-1.52544,-169493,-169493,-0.971538,-107949,-107949,0.42324,47026.6,47026.6,4.41005e-05,0.0694701,4.04145e-05
GR,0.003,2,TA,,1.34311,4,1.3368,0.734189,1,4.17284e-11,True,0.781549,86838.8,86838.8,0.770568,85618.7,85618.7,1.61926,179918,179918,0.558044,62004.9,62004.9,0.54706,60784.4,60784.4,1.39951,155502,155502,3.38221,375801,375801,1.17791,130879,130879,1.39951,155502,155502,4.41005e-05,0.0694701,4.04145e-05
GR,0.003,3,LA,,1.99159,5,1.98387,1,1,4.17284e-11,False,-5.71017,-634463,-634463,-5.71001,-634446,-634446,-5.08988,-565542,-565542,-5.36964,-596627,-596627,-5.36948,-596609,-596609,-4.74874,-527637,-527637,-5.65935,-628817,-628817,-5.70009,-633343,-633343,-4.74874,-527637,-527637,4.41005e-05,0.0694701,4.04145e-05
GX,0.1,1,TA,,37.67,3,46.3732,0.753958,0.754507,6.07931e-07,True,117.675,11767.5,11767.5,-17.62,-1762,-1762,-24.5591,-2455.91,-2455.91,-3.13938e-10,-3.13938e-08,-3.13938e-08,-7.36485e-06,-0.000736485,-0.000736485,-6.99762e-06,-0.000699762,-0.000699762,-2.12841e-10,-2.12841e-08,-2.12841e-08,-3.47078e-06,-0.000347078,-0.000347078,-6.99762e-06,-0.000699762,-0.000699762,4.41005e-05,0.0694701,4.04145e-05
GX,0.1,2,TA,,37.67,4,46.3732,0.753958,0.754507,6.07931e-07,True,169.864,16986.4,16986.4,14.8561,1485.61,1485.61,30.9105,3091.05,3091.05,4.90492e-11,4.90492e-09,4.90492e-09,5.20303e-05,0.00520303,0.00520303,4.89455e-05,0.00489455,0.00489455,5.68847e-12,5.68847e-10,5.68847e-10,5.81911e-05,0.00581911,0.00581911,4.89455e-05,0.00489455,0.00489455,4.41005e-05,0.0694701,4.04145e-05
GX,0.1,3,LA,,68.7897,5,67.7495,0.999518,0.999518,6.07931e-07,False,587.685,58768.5,58768.5,594.369,59436.9,59436.9,567.98,56798,56798,5.06382e-11,5.06382e-09,5.06382e-09,-6.56038e-05,-0.00656038,-0.00656038,-5.86867e-05,-0.00586867,-0.00586867,-6.80226e-12,-6.80226e-10,-6.80226e-10,-4.96546e-05,-0.00496546,-0.00496546,-5.86867e-05,-0.00586867,-0.00586867,4.41005e-05,0.0694701,4.04145e-05
GX,0.05,1,TA,,19.5382,3,20.6603,0.963473,0.982639,2.9141e-07,True,4.18425,1673.7,1673.7,-4.80689,-1922.76,-1922.76,-7.02158,-2808.63,-2808.63,-8.04753e-11,-3.21901e-08,-3.21901e-08,-2.37418e-06,-0.000949672,-0.000949672,-2.2468e-06,-0.00089872,-0.00089872,2.58046e-12,1.03218e-09,1.03218e-09,-8.91577e-07,-0.000356631,-0.000356631,-2.2468e-06,-0.00089872,-0.00089872,4.41005e-05,0.0694701,4.04145e-05
GX,0.05,2,TA,,19.5382,4,20.6603,0.963473,0.982639,2.9141e-07,True,18.502,7400.79,7400.79,8.13117,3252.47,3252.47,11.1262,4450.47,4450.47,7.71477e-12,3.08591e-09,3.08591e-09,1.46082e-05,0.00584328,0.00584328,1.37907e-05,0.00551626,0.00551626,-8.31477e-11,-3.32591e-08,-3.32591e-08,1.67125e-05,0.00668501,0.00668501,1.37907e-05,0.00551626,0.00551626,4.41005e-05,0.0694701,4.04145e-05
GX,0.05,3,LA,,35.8483,5,35.5616,0.999969,0.999969,2.9141e-07,False,160.146,64058.4,64058.4,160.367,64146.6,64146.6,152.644,61057.8,61057.8,3.71957e-11,1.48783e-08,1.48783e-08,-1.35147e-05,-0.00540587,-0.00540587,-1.25669e-05,-0.00502677,-0.00502677,-5.966e-11,-2.3864e-08,-2.3864e-08,-8.12988e-06,-0.00325195,-0.00325195,-1.25669e-05,-0.00502677,-0.00502677,4.41005e-05,0.0694701,4.04145e-05
GX,0.025,1,TA,,9.86439,4,9.98771,0.741059,0.998991,1.43694e-07,True,3.00283,4804.52,4804.52,-1.19169,-1906.7,-1906.7,-1.78279,-2852.47,-2852.47,2.94118e-13,4.70589e-10,4.70589e-10,-6.34995e-07,-0.00101599,-0.00101599,-6.00473e-07,-0.000960756,-0.000960756,-1.41582e-10,-2.26531e-07,-2.26531e-07,-2.23661e-07,-0.000357858,-0.000357858,-6.00473e-07,-0.000960756,-0.000960756,4.41005e-05,0.0694701,4.04145e-05
GX,0.025,2,TA,,9.86439,3,9.98771,0.741059,0.998991,1.43694e-07,True,-0.652547,-1044.08,-1044.08,2.37863,3805.81,3805.81,3.04715,4875.44,4875.44,-5.18006e-11,-8.2881e-08,-8.2881e-08,3.75315e-06,0.00600505,0.00600505,3.54696e-06,0.00567513,0.00567513,5.75007e-14,9.20011e-11,9.20011e-11,4.32036e-06,0.00691257,0.00691257,3.54696e-06,0.00567513,0.00567513,4.41005e-05,0.0694701,4.04145e-05
GX,0.025,3,LA,,18.1079,5,17.9938,0.999998,0.999998,1.43694e-07,False,40.7053,65128.6,65128.6,40.7155,65144.9,65144.9,38.7089,61934.2,61934.2,4.21931e-11,6.75089e-08,6.75089e-08,-3.19707e-06,-0.00511531,-0.00511531,-3.00952e-06,-0.00481523,-0.00481523,2.3616e-11,3.77856e-08,3.77856e-08,-1.76615e-06,-0.00282584,-0.00282584,-3.00952e-06,-0.00481523,-0.00481523,4.41005e-05,0.0694701,4.04145e-05
GX,0.0125,1,TA,,4.94437,3,4.95252,0.523723,0.999938,7.15484e-08,True,-0.263345,-1685.41,-1685.41,-0.296612,-1898.32,-1898.32,-0.44686,-2859.9,-2859.9,-1.09735e-11,-7.02303e-08,-7.02303e-08,-1.61486e-07,-0.00103351,-0.00103351,-1.52681e-07,-0.000977156,-0.000977156,2.46357e-12,1.57668e-08,1.57668e-08,-5.59633e-08,-0.000358165,-0.000358165,-1.52681e-07,-0.000977156,-0.000977156,4.41005e-05,0.0694701,4.04145e-05
GX,0.0125,2,TA,,4.94437,4,4.95252,0.523723,0.999938,7.15484e-08,True,0.656055,4198.75,4198.75,0.6175,3952,3952,0.779331,4987.72,4987.72,8.66607e-12,5.54629e-08,5.54629e-08,9.44648e-07,0.00604575,0.00604575,8.93006e-07,0.00571524,0.00571524,-6.55563e-11,-4.1956e-07,-4.1956e-07,1.08902e-06,0.00696973,0.00696973,8.93006e-07,0.00571524,0.00571524,4.41005e-05,0.0694701,4.04145e-05
GX,0.0125,3,LA,,9.077,5,9.02354,1,1,7.15484e-08,False,10.2152,65377.6,65377.6,10.2158,65381.3,65381.3,9.70933,62139.7,62139.7,8.03088e-13,5.13977e-09,5.13977e-09,-7.88075e-07,-0.00504368,-0.00504368,-7.4425e-07,-0.0047632,-0.0047632,-5.47252e-11,-3.50241e-07,-3.50241e-07,-4.25269e-07,-0.00272172,-0.00272172,-7.4425e-07,-0.0047632,-0.0047632,4.41005e-05,0.0694701,4.04145e-05
GX,0.00625,1,TA,,2.47372,3,2.47116,0.592067,0.999996,3.57549e-08,True,-0.0719877,-1842.89,-1842.89,-0.0740598,-1895.93,-1895.93,-0.111779,-2861.53,-2861.53,-6.46921e-11,-1.65612e-06,-1.65612e-06,-4.05292e-08,-0.00103755,-0.00103755,-3.83178e-08,-0.000980936,-0.000980936,-9.27249e-11,-2.37376e-06,-2.37376e-06,-1.40008e-08,-0.00035842,-0.00035842,-3.83178e-08,-0.000980936,-0.000980936,4.41005e-05,0.0694701,4.04145e-05
GX,0.00625,2,TA,,2.47372,4,2.47116,0.592067,0.999996,3.57549e-08,True,0.158225,4050.55,4050.55,0.155822,3989.05,3989.05,0.195944,5016.17,5016.17,1.4233e-13,3.64365e-09,3.64365e-09,2.36602e-07,0.00605701,0.00605701,2.23684e-07,0.0057263,0.0057263,6.38004e-12,1.63329e-07,1.63329e-07,2.72759e-07,0.00698262,0.00698262,2.23684e-07,0.0057263,0.0057263,4.41005e-05,0.0694701,4.04145e-05
GX,0.00625,3,LA,,4.54138,5,4.5151,1,1,3.57549e-08,False,2.5562,65438.6,65438.6,2.55623,65439.5,65439.5,2.4293,62190.2,62190.2,6.39565e-11,1.63729e-06,1.63729e-06,-1.96379e-07,-0.00502731,-0.00502731,-1.85611e-07,-0.00475164,-0.00475164,-2.54164e-11,-6.50659e-07,-6.50659e-07,-1.05467e-07,-0.00269995,-0.00269995,-1.85611e-07,-0.00475164,-0.00475164,4.41005e-05,0.0694701,4.04145e-05
GX,0.003,1,TA,,1.18757,3,1.18553,0.723387,1,1.71628e-08,True,-0.0169478,-1883.09,-1883.09,-0.0170577,-1895.3,-1895.3,-0.0257574,-2861.93,-2861.93,-6.60257e-13,-7.33618e-08,-7.33618e-08,-9.35295e-09,-0.00103922,-0.00103922,-8.84252e-09,-0.000982502,-0.000982502,1.9227e-12,2.13634e-07,2.13634e-07,-3.2485e-09,-0.000360945,-0.000360945,-8.84252e-09,-0.000982502,-0.000982502,4.41005e-05,0.0694701,4.04145e-05
GX,0.003,2,TA,,1.18757,4,1.18553,0.723387,1,1.71628e-08,True,0.0361147,4012.75,4012.75,0.0359873,3998.59,3998.59,0.0452115,5023.5,5023.5,2.53338e-11,2.81486e-06,2.81486e-06,5.45719e-08,0.00606355,0.00606355,5.15933e-08,0.00573259,0.00573259,-1.1711e-10,-1.30122e-05,-1.30122e-05,6.2846e-08,0.00698289,0.00698289,5.15933e-08,0.00573259,0.00573259,4.41005e-05,0.0694701,4.04145e-05
GX,0.003,3,LA,,2.18022,5,2.16766,1,1,1.71628e-08,False,0.589088,65454.2,65454.2,0.58909,65454.4,65454.4,0.559828,62203.1,62203.1,-2.47372e-11,-2.74857e-06,-2.74857e-06,-4.52353e-08,-0.00502614,-0.00502614,-4.27638e-08,-0.00475153,-0.00475153,6.82293e-13,7.58103e-08,7.58103e-08,-2.43831e-08,-0.00270923,-0.00270923,-4.27638e-08,-0.00475153,-0.00475153,4.41005e-05,0.0694701,4.04145e-05
