# (benchmark_variants_11p0.py): tutorial surface (example STO222.xml + example anharmonic set, cell 7.363 bohr),
# unstrained, 300 K, KMESH_INTERPOLATE 2, MIXALPHA 0.2, TOL 1e-10; frequencies from anphon (cm-1); imaginary count on the
# interpolated 8^3 list excluding the three Gamma translations (threshold -0.5 cm-1). T&T Table I (300 K): R 37 (8^3), 35 (12^3);
# TO1 136 / 135; M 85 / 85.
KMESH_SCPH,SELF_OFFDIAG,NONANALYTIC,iterations,final_DIFF,wall_s,TO1_cm1,TO2_cm1,LO1_cm1,X_lowest_cm1,M_lowest_cm1,R_AFD_cm1,R5+_cm1,n_imaginary_8x8x8
8,1,3,47,9.605078e-11,88.4580,134.0383,185.3767,169.9591,112.5939,80.8183,28.9293,139.8252,0
8,0,3,51,8.659441e-11,77.4619,159.2284,181.4180,180.6020,113.2798,80.2893,27.8111,140.3491,0
8,1,2,49,8.198850e-11,68.6504,133.6835,185.1651,169.9783,112.5273,81.7573,31.4245,139.8491,0
8,0,2,52,7.726833e-11,57.2183,158.8539,181.4717,180.6406,113.3956,81.4958,31.1152,140.5066,0
8,1,0,49,8.111353e-11,67.9998,133.4382,184.9783,nan,112.4356,81.4301,30.5191,139.7364,0
12,1,3,56,9.420917e-11,242.7695,133.6894,185.3040,169.8474,112.5024,79.8554,25.8238,139.7346,0
12,0,3,56,9.708646e-11,191.9168,157.9326,181.1211,180.2701,113.1321,79.3016,24.4129,140.2056,0
12,1,2,56,8.747923e-11,148.0330,133.3743,185.0604,169.8919,112.4581,81.0821,29.3906,139.7834,0
12,0,2,56,8.976032e-11,98.8869,157.5029,181.1749,180.3069,113.2765,80.8113,29.0129,140.3926,0
12,1,0,56,9.264333e-11,141.5538,133.1307,184.8976,nan,112.3584,80.6597,28.1594,139.6612,0
