# one row per selected production slot (bare mode -> own-surface nu) (coupling_selected.py); units cm^-2 per unit engineering shear h = 2s (H3: d/dh = d/d eps_xy);
# own-surface unstrained renormalised basis (IFC supercell 2x2x2 quartic set, KMESH_INTERPOLATE 2x2x2,
# KMESH_SCPH 2x2x2, 300 K), variant od0/od1 = SELF_OFFDIAG 0/1; *_eig = multiplet-block eigenvalue,
# *_diag = e^dagger K e; step h = 0.010 unless _h020 (0.020) or _richardson; C_noasr = without the
# on-site sum-rule projection of the renormalised sets; C_matched = eigenvalue-matched strained SCPH runs.
group,variant,iq,qa,qb,qc,branch,omega0_cm1,omega_r_tutorial_cm1,sector,eta_contrib_prod_Pas,eta_share_pct,D_tensor_table,Lambda_bare_slot_projected,omega_b_builder_cm1,nu_own,omega_r_own_cm1,overlap_prod_map,mu_star_of_nu,mutual,multiplet_size,Lambda_A,Lambda_B_eig,Lambda_B_diag,TrK2_B,offdiag_B_5cm1,Lambda_B_h020,Lambda_B_richardson,Lambda_C_eig,Lambda_C_diag,TrK2_C,offdiag_C_5cm1,Lambda_C_h020,Lambda_C_richardson,Lambda_C_noasr,Lambda_C_matched_h010,ratio_B_over_A,ratio_C_over_B,gamma_A,gamma_B,gamma_C
"P[0,25)",od0,1221,0.909091,0.090909,0,2,20.7891,62.2051,routeH_stable,3.97482e-05,3.46161,-172677,-191126,20.789,2,56.4688,0.594745,2,1,2,-191126,1415.7,-27467,7.56439e+08,0,3159.92,834.29,70278.7,20637.3,5.365e+09,0,37397.4,81239.1,70278.7,69341.6,-0.00740713,49.6424,29.9691,-0.221985,-11.0199
"P[0,25)",od0,231,0.090909,0.909091,0,2,20.7891,62.2051,routeH_stable,3.97482e-05,3.46161,-172677,-191126,20.789,2,56.4688,0.594745,2,1,2,-191126,1415.7,-27467,7.56439e+08,0,3159.92,834.29,70278.7,20637.3,5.365e+09,0,37397.4,81239.1,70278.7,69341.6,-0.00740713,49.6424,29.9691,-0.221985,-11.0199
"P[0,25)",od0,132,0.090909,0.090909,0,2,20.7891,62.2051,routeH_stable,3.92203e-05,3.41563,171527,190041,20.789,2,56.4688,0.594745,2,1,2,190041,28242.2,28242.2,7.99562e+08,0,15189.8,32593,-19944.9,-19944.9,5.28563e+09,0,-9649.31,-23376.7,-19944.9,-20172,0.148611,-0.706208,-29.7989,-4.42845,3.12741
"P_shell(1,1,0)/11",od0,132,0.090909,0.090909,0,1,-46.6343,174.891,routeH_unstable,3.83735e-12,3.34188e-07,435.631,716.679,-46.6344,4,172.554,0.654575,1,1,1,716.679,4851.01,4851.01,2.35323e+07,3.64923e-09,4843.11,4853.64,107691,107691,1.15973e+10,0.00506967,56286.1,124826,107691,100116,6.76873,22.1997,-0.0120349,-0.0814611,-1.80841
"P_shell(1,1,0)/11",od0,132,0.090909,0.090909,0,2,20.7891,62.2051,routeH_stable,3.92203e-05,3.41563,171527,190041,20.789,2,56.4688,0.594745,2,1,2,190041,28242.2,28242.2,7.99562e+08,0,15189.8,32593,-19944.9,-19944.9,5.28563e+09,0,-9649.31,-23376.7,-19944.9,-20172,0.148611,-0.706208,-29.7989,-4.42845,3.12741
"P_shell(1,1,0)/11",od0,132,0.090909,0.090909,0,3,64.5133,56.7615,routeH_stable,5.20211e-08,0.00453043,3278.19,2962.1,64.5132,1,56.4239,0.657509,3,1,2,2962.1,-1392.67,-1392.67,7.99562e+08,0,-3178.91,-797.258,-69913,-69913,5.28563e+09,0,-37155.3,-80832.3,-69913,-68981.4,-0.470164,50.2007,-0.465203,0.218722,10.98
"P_shell(1,1,0)/11",od0,132,0.090909,0.090909,0,4,70.4594,172.668,routeH_stable,4.56555e-07,0.0397606,162956,145575,70.4593,5,176.458,0.547985,4,1,1,145575,221533,221533,4.90771e+10,3.64923e-09,174294,237280,332717,332717,1.10701e+11,0.00506967,221831,369679,332717,315933,1.52178,1.50188,-2.33761,-3.55734,-5.3427
"P_shell(1,1,0)/11",od0,132,0.090909,0.090909,0,5,82.4339,84.8814,routeH_stable,8.8902e-08,0.00774233,-9621.5,-8774.39,82.4338,3,86.7494,0.997897,5,1,1,-8774.39,-4443.79,-4443.79,1.97472e+07,0,-10439.5,-2445.23,-37911.1,-37911.1,1.43725e+09,0,-27831.6,-41271,-37911.1,-37960.8,0.50645,8.53127,0.582981,0.29525,2.51886
"P_shell(1,1,0)/11",od0,132,0.090909,0.090909,0,6,155.037,182.696,routeH_stable,7.23787e-10,6.30334e-05,7223.43,7204.06,155.037,6,182.931,0.996247,6,1,1,7204.06,7427.63,7427.63,5.51697e+07,0,6624.96,7695.19,-27217.3,-27217.3,7.40783e+08,0,-9785.4,-33028,-27217.3,-20663.9,1.03103,-3.66433,-0.10764,-0.110981,0.406671
"P_shell(1,1,0)/11",od0,132,0.090909,0.090909,0,7,163.119,186.946,routeH_stable,5.19474e-08,0.00452401,-62967.3,-64757.4,163.119,7,189.96,0.997647,7,1,1,-64757.4,-62469.3,-62469.3,3.90241e+09,0,-97542.5,-50778.2,-78004.2,-78004.2,6.08466e+09,0,-98428.7,-71196,-78004.2,-77504.6,0.964667,1.24868,0.897297,0.865593,1.08085
"P_shell(1,1,0)/11",od0,132,0.090909,0.090909,0,8,177.846,202.018,routeS,1.21264e-06,0.105607,279414,278032,177.846,8,204.56,0.915926,8,1,1,278032,358393,358393,1.28445e+11,0,237342,398743,317553,317553,1.0084e+11,0,217666,350849,317553,334207,1.28903,0.886048,-3.3222,-4.28243,-3.79443
"P_shell(1,1,0)/11",od0,132,0.090909,0.090909,0,9,225.89,252.72,routeS,4.3836e-08,0.00381761,-122278,-122592,225.891,9,250.386,0.999484,9,1,1,-122592,-117278,-117278,1.37542e+10,0,-116595,-117506,-147962,-147962,2.18927e+10,0,-146382,-148488,-147962,-147002,0.956653,1.26163,0.977721,0.935339,1.18005
"P_shell(1,1,0)/11",od0,132,0.090909,0.090909,0,10,236.735,259.653,routeS,8.79665e-11,7.66086e-06,-5734.65,-5734.69,236.735,10,259.512,1,10,1,1,-5734.69,-5734.69,-5734.69,3.28867e+07,0,-6590.8,-5449.32,29275.7,29275.7,8.57068e+08,0,12945.6,34719.1,29275.7,29275.7,1,-5.10502,0.0425762,0.0425762,-0.217352
"P_shell(1,1,0)/11",od0,132,0.090909,0.090909,0,11,245.989,265.947,routeS,1.82014e-08,0.00158513,85605.5,86034.9,245.989,11,268.031,0.999705,11,1,1,86034.9,84497.8,84497.8,7.13987e+09,0,86055.7,83978.4,126584,126584,1.60235e+10,0,124461,127292,126584,126330,0.982133,1.49808,-0.59879,-0.588092,-0.881007
"P_shell(1,1,0)/11",od0,132,0.090909,0.090909,0,12,452.628,472.871,routeS,9.09801e-09,0.000792331,212476,213112,452.628,12,473.443,0.999311,12,1,1,213112,213612,213612,4.56302e+10,0,158300,232050,336864,336864,1.13477e+11,0,238938,369506,336864,336494,1.00235,1.57699,-0.47538,-0.476497,-0.75143
"P_shell(1,1,0)/11",od0,132,0.090909,0.090909,0,13,530.568,543.733,routeS,6.85947e-13,5.9738e-08,-4353.79,-4299.53,530.568,13,542.59,0.999998,13,1,1,-4299.53,-4302.66,-4302.66,1.85129e+07,4.42265e-10,-3390.35,-4606.77,886.548,886.548,785968,0.00499178,-1703.06,1749.75,886.548,976.711,1.00073,-0.206046,0.0073021,0.00730743,-0.00150567
"P_shell(1,1,0)/11",od0,132,0.090909,0.090909,0,14,534.15,543.733,routeS,1.88139e-09,0.000163847,-231104,-230543,534.15,14,546.151,0.999989,14,1,1,-230543,-230377,-230377,5.30735e+10,4.42265e-10,-334935,-195524,-221960,-221960,4.92664e+10,0.00499178,-344338,-181168,-221960,-222562,0.999279,0.963466,0.386452,0.386174,0.372065
"P_shell(1,1,0)/11",od0,132,0.090909,0.090909,0,15,766.291,777.114,routeS,2.30409e-09,0.000200659,810792,810670,766.291,15,779.746,0.999508,15,1,1,810670,805088,805088,6.48166e+11,0,608025,870775,850850,850850,7.23946e+11,0,621012,927463,850850,851025,0.993114,1.05684,-0.666664,-0.662074,-0.699707
"P[0,25)",od0,1320,0.909091,0.909091,0,2,20.7891,62.2051,routeH_stable,3.92203e-05,3.41563,171527,190041,20.789,2,56.4688,0.594745,2,1,2,190041,28242.2,28242.2,7.99562e+08,0,15189.8,32593,-19944.9,-19944.9,5.28563e+09,0,-9649.31,-23376.7,-19944.9,-20172,0.148611,-0.706208,-29.7989,-4.42845,3.12741
"P[25,50)",od0,1231,0.909091,0.090909,0.909091,1,35.7871,71.8605,routeH_stable,1.06623e-05,0.928562,-119547,-127489,35.787,2,66.6054,0.729429,1,1,2,-127489,-1383.09,-19237.6,6.36396e+08,0,-110.518,-1807.28,36302.8,22631.2,1.64456e+09,0,20600.9,41536.7,36302.7,35795.8,0.0108487,-26.2476,14.3689,0.155884,-4.09158
"P[25,50)",od0,1222,0.909091,0.090909,0.090909,1,35.7871,71.8605,routeH_stable,1.06623e-05,0.928562,-119547,-127489,35.787,1,66.6054,0.729429,1,1,2,-127489,-25189,-7334.57,6.36396e+08,0,-15229.1,-28508.9,18074.1,31745.6,1.64456e+09,0,7268.12,21676.1,18074.1,18300.6,0.197577,-0.71754,14.3689,2.83897,-2.03707
"P[25,50)",od0,241,0.090909,0.909091,0.909091,1,35.7871,71.8605,routeH_stable,1.06623e-05,0.928562,-119547,-127489,35.787,1,66.6054,0.729429,1,1,2,-127489,-25189,-7334.59,6.36396e+08,0,-15229.1,-28508.9,18074.1,31745.6,1.64456e+09,0,7268.12,21676.1,18074.1,18300.6,0.197577,-0.71754,14.3689,2.83897,-2.03707
"P[25,50)",od0,232,0.090909,0.909091,0.090909,1,35.7871,71.8605,routeH_stable,1.06623e-05,0.928562,-119547,-127489,35.787,2,66.6054,0.729429,1,1,2,-127489,-1383.09,-19237.5,6.36396e+08,0,-110.518,-1807.28,36302.8,22631.2,1.64456e+09,0,20600.9,41536.7,36302.7,35795.8,0.0108487,-26.2476,14.3689,0.155884,-4.09158
"P[25,50)",od0,1330,0.909091,0.909091,0.909091,2,35.7871,71.8605,routeH_stable,1.04402e-05,0.90922,118295,126456,35.787,2,66.6054,0.729429,2,1,2,126456,25006.8,11861.4,6.29602e+08,0,15190.7,28278.8,-18297.2,-27959.9,1.5711e+09,0,-7320.02,-21956.3,-18297.2,-18519.8,0.197751,-0.731689,-14.2524,-2.81844,2.06222
"P[25,50)",od0,1321,0.909091,0.909091,0.090909,2,35.7871,71.8605,routeH_stable,1.04402e-05,0.90922,118295,126456,35.787,2,66.6054,0.729429,2,1,2,126456,25006.8,2064.62,6.29602e+08,0,15190.7,28278.8,-18297.2,-35161.2,1.5711e+09,0,-7320.02,-21956.3,-18297.2,-18519.8,0.197751,-0.731689,-14.2524,-2.81844,2.06222
"P[25,50)",od0,142,0.090909,0.090909,0.909091,2,35.7871,71.8605,routeH_stable,1.04402e-05,0.90922,118295,126456,35.787,2,66.6054,0.729429,2,1,2,126456,25006.8,2064.62,6.29602e+08,0,15190.7,28278.8,-18297.2,-35161.2,1.5711e+09,0,-7320.02,-21956.3,-18297.2,-18519.8,0.197751,-0.731689,-14.2524,-2.81844,2.06222
"P[25,50)",od0,133,0.090909,0.090909,0.090909,2,35.7871,71.8605,routeH_stable,1.04402e-05,0.90922,118295,126456,35.787,2,66.6054,0.729429,2,1,2,126456,25006.8,6739.16,6.29602e+08,0,15190.7,28278.8,-18297.2,-31725.1,1.5711e+09,0,-7320.02,-21956.3,-18297.2,-18519.8,0.197751,-0.731689,-14.2524,-2.81844,2.06222
"P_shell(1,1,1)/11",od0,133,0.090909,0.090909,0.090909,1,35.7871,71.8605,routeH_stable,1.84687e-07,0.0160841,-15733.7,-18253.6,35.787,1,66.6054,0.729429,1,1,2,-18253.6,2064.62,20332.3,6.29602e+08,0,-350.745,2869.74,-35161.2,-21733.3,1.5711e+09,0,-20809.9,-39945,-35161.2,-34592.2,-0.113108,-17.0303,2.05731,-0.232697,3.96291
"P_shell(1,1,1)/11",od0,133,0.090909,0.090909,0.090909,2,35.7871,71.8605,routeH_stable,1.04402e-05,0.90922,118295,126456,35.787,2,66.6054,0.729429,2,1,2,126456,25006.8,6739.16,6.29602e+08,0,15190.7,28278.8,-18297.2,-31725.1,1.5711e+09,0,-7320.02,-21956.3,-18297.2,-18519.8,0.197751,-0.731689,-14.2524,-2.81844,2.06222
"P_shell(1,1,1)/11",od0,133,0.090909,0.090909,0.090909,3,86.9961,175.653,routeH_stable,2.6711e-08,0.00232622,-41517.4,-39000.5,86.996,5,179.138,0.651584,3,1,2,-39000.5,168591,-39432,3.05019e+10,0,144913,176484,265489,69269.2,7.45113e+10,0,185065,292298,265489,253448,-4.3228,1.57475,0.607666,-2.62682,-4.13659
"P_shell(1,1,1)/11",od0,133,0.090909,0.090909,0.090909,4,86.9961,175.653,routeH_stable,3.38457e-07,0.0294757,147787,140606,86.996,4,179.138,0.651584,4,1,2,140606,-45594.6,162429,3.05019e+10,0,-50531,-43949.1,63456.3,259677,7.45113e+10,0,7361.3,82154.6,63456.3,56217.3,-0.324272,-1.39175,-2.19078,0.710409,-0.988711
"P_shell(1,1,1)/11",od0,133,0.090909,0.090909,0.090909,5,97.7041,99.8679,routeH_stable,2.19066e-07,0.0190781,-22011.3,-21287.9,97.7041,3,103.713,0.992729,5,1,1,-21287.9,-15844.6,-15844.6,2.51051e+08,0,-18171.3,-15069,-54723,-54723,2.9946e+09,0,-35321.3,-61190.2,-54723,-54245.5,0.744301,3.45373,0.989556,0.736527,2.54377
"P_shell(1,1,1)/11",od0,133,0.090909,0.090909,0.090909,6,162.918,184.063,routeH_stable,1.23453e-08,0.00107513,-30113.3,-31066.3,162.918,6,189.04,0.992637,6,1,1,-31066.3,-34619,-34619,1.19848e+09,0,-53751.9,-28241.4,-50319.6,-50319.6,2.53206e+09,0,-58555.3,-47574.4,-50319.6,-45756,1.11436,1.45352,0.43466,0.484368,0.70404
"P_shell(1,1,1)/11",od0,133,0.090909,0.090909,0.090909,7,176.912,201.968,routeS,2.12237e-08,0.00184834,-36558.7,-36784.8,176.912,7,205.381,0.88261,7,1,2,-36784.8,-46139.2,258452,9.35949e+10,0,-39394.3,-48387.5,-96286.3,225145,8.3015e+10,0,-65048.7,-106699,-96286.3,-94505.3,1.2543,2.08686,0.43603,0.546913,1.14133
"P_shell(1,1,1)/11",od0,133,0.090909,0.090909,0.090909,8,176.912,201.968,routeS,9.16582e-07,0.0798236,240251,239488,176.912,8,205.381,0.88261,8,1,2,239488,302434,-2157.48,9.35949e+10,0,208233,333834,271558,-49872.9,8.3015e+10,0,194161,297357,271558,282697,1.26283,0.897911,-2.83878,-3.5849,-3.21892
"P_shell(1,1,1)/11",od0,133,0.090909,0.090909,0.090909,9,219.979,249.144,routeS,2.06266e-08,0.00179634,-81417.1,-81993.9,219.979,9,244.531,1,9,1,1,-81993.9,-81993.9,-81993.9,6.723e+09,0,-76453.9,-83840.6,-87556,-87556,7.66606e+09,0,-88198.4,-87341.9,-87556,-86379.1,1,1.06784,0.685619,0.685619,0.732129
"P_shell(1,1,1)/11",od0,133,0.090909,0.090909,0.090909,10,251.58,269.727,routeS,2.48794e-09,0.000216671,-32266.4,-32498,251.58,10,272.884,0.998146,10,1,2,-32498,-21670.1,43762.9,4.06698e+09,0,-32067.2,-18204.3,-12365.4,82961.6,1.15133e+10,0,-29751.8,-6569.96,-12365.4,-11760.7,0.666813,0.570622,0.218208,0.145504,0.0830277
"P_shell(1,1,1)/11",od0,133,0.090909,0.090909,0.090909,11,251.58,269.727,routeS,9.86255e-09,0.000858913,64242.8,64461.6,251.58,11,272.884,0.998146,11,1,2,64461.6,59978.2,-5454.77,4.06698e+09,0,70263.6,56549.7,106585,11258.1,1.15133e+10,0,109134,105735,106585,106331,0.930449,1.77706,-0.432828,-0.402724,-0.715667
"P_shell(1,1,1)/11",od0,133,0.090909,0.090909,0.090909,12,453.745,473.635,routeS,2.47262e-09,0.000215336,111328,111783,453.745,12,474.137,0.999426,12,1,1,111783,112285,112285,1.26079e+10,0,87136.5,120668,189783,189783,3.60174e+10,0,136816,207438,189783,189114,1.00449,1.69019,-0.248622,-0.249738,-0.422104
"P_shell(1,1,1)/11",od0,133,0.090909,0.090909,0.090909,13,532.515,542.318,routeS,2.71198e-09,0.000236182,-282203,-281612,532.515,13,544.59,0.999985,13,1,2,-281612,-281921,-162475,1.17632e+11,0,-361993,-255231,-273508,-148396,1.26054e+11,0,-371528,-240835,-273508,-274165,1.0011,0.970158,0.474767,0.475289,0.461105
"P_shell(1,1,1)/11",od0,133,0.090909,0.090909,0.090909,14,532.515,542.318,routeS,1.30084e-09,0.000113288,195448,195213,532.515,14,544.59,0.999985,14,1,2,195213,195326,75880.6,1.17632e+11,0,172584,202907,226378,101267,1.26054e+11,0,191139,238125,226378,227165,1.00058,1.15898,-0.329108,-0.329299,-0.38165
"P_shell(1,1,1)/11",od0,133,0.090909,0.090909,0.090909,15,766.035,775.76,routeS,7.96015e-10,6.93236e-05,475630,475650,766.035,15,778.694,0.999531,15,1,1,475650,473258,473258,2.23973e+11,0,373891,506380,518163,518163,2.68493e+11,0,392204,560149,518163,518147,0.994971,1.09488,-0.392215,-0.390243,-0.42727
"P[25,50)",od0,10,0,0,0.909091,4,39.941,41.0033,routeH_stable,1.03167e-06,0.0898464,12037.5,10098.3,39.9409,2,40.8477,0.911305,4,1,2,10098.3,2570.74,2570.74,1.31956e+07,0,2544.89,2579.35,1419.57,1419.57,3.86391e+06,0,1428.51,1416.59,1419.57,1399.5,0.254571,0.552204,-3.0261,-0.770358,-0.425395
"P[25,50)",od0,10,0,0,0.909091,3,39.941,41.0033,routeH_stable,9.86247e-07,0.0858906,-11769.5,-9914.1,39.9409,1,40.8477,0.911305,3,1,2,-9914.1,-2566.49,-2566.49,1.31956e+07,0,-2590.75,-2558.4,-1359.68,-1359.68,3.86391e+06,0,-1458.49,-1326.74,-1359.68,-1340.18,0.258873,0.529781,2.9709,0.769086,0.407447
"P[25,50)",od0,1,0,0,0.090909,4,39.941,41.0033,routeH_stable,1.03167e-06,0.0898464,12037.5,10098.3,39.9409,1,40.8477,0.911305,4,1,2,10098.3,-2566.49,-2566.49,1.31956e+07,0,-2590.75,-2558.4,-1359.68,-1359.68,3.86391e+06,0,-1458.49,-1326.74,-1359.68,-1340.18,-0.254151,0.529781,-3.0261,0.769086,0.407447
"P[25,50)",od0,1,0,0,0.090909,3,39.941,41.0033,routeH_stable,9.86247e-07,0.0858906,-11769.5,-9914.1,39.9409,2,40.8477,0.911305,3,1,2,-9914.1,2570.74,2570.74,1.31956e+07,0,2544.89,2579.35,1419.57,1419.57,3.86391e+06,0,1428.51,1416.59,1419.57,1399.5,-0.259301,0.552204,2.9709,-0.770358,-0.425395
"P[25,50)",od0,3,0,0,0.272727,1,45.8522,98.0704,routeH_stable,7.8512e-07,0.0683748,-60710.3,-60887.2,45.8521,2,96.9283,0.752385,1,1,2,-60887.2,32107.4,32107.4,2.0771e+09,0,32217.6,32070.7,26263.3,26263.3,1.38417e+09,0,27004.8,26016.2,26263.3,26161.4,-0.527325,0.817984,3.24037,-1.70873,-1.39771
"P[25,50)",od0,3,0,0,0.272727,2,45.8522,98.0704,routeH_stable,7.65815e-07,0.0666936,59959.3,60267.1,45.8521,1,96.9283,0.752385,2,1,2,60267.1,-32345.2,-32345.2,2.0771e+09,0,-32265.1,-32371.9,-26351.7,-26351.7,1.38417e+09,0,-26960.7,-26148.7,-26351.7,-26269.7,-0.536698,0.814702,-3.20737,1.72139,1.40242
"P[25,50)",od0,8,0,0,0.727273,1,45.8522,98.0704,routeH_stable,7.8512e-07,0.0683748,-60710.3,-60887.2,45.8521,2,96.9283,0.752385,1,1,2,-60887.2,32107.4,32107.4,2.0771e+09,0,32217.6,32070.7,26263.3,26263.3,1.38417e+09,0,27004.8,26016.2,26263.3,26161.4,-0.527325,0.817984,3.24037,-1.70873,-1.39771
"P[25,50)",od0,8,0,0,0.727273,2,45.8522,98.0704,routeH_stable,7.65815e-07,0.0666936,59959.3,60267.1,45.8521,1,96.9283,0.752385,2,1,2,60267.1,-32345.2,-32345.2,2.0771e+09,0,-32265.1,-32371.9,-26351.7,-26351.7,1.38417e+09,0,-26960.7,-26148.7,-26351.7,-26269.7,-0.536698,0.814702,-3.20737,1.72139,1.40242
"P_shell(1,0,0)/11",od0,121,0.090909,0,0,1,-62.1637,170.6,routeH_unstable,4.16073e-13,3.62351e-08,-136.301,-165.147,-62.1637,4,166.454,0.910211,1,1,2,-165.147,-62.405,-37.5958,4057.86,0,-69.7799,-59.9467,264.235,1326.64,5.77749e+06,0,-284.277,447.073,264.235,2387.17,0.377874,-4.2342,0.00298025,0.00112616,-0.00476838
"P_shell(1,0,0)/11",od0,121,0.090909,0,0,2,-62.1637,170.6,routeH_unstable,3.23361e-13,2.8161e-08,-120.159,-111.689,-62.1637,5,166.454,0.910211,2,1,2,-111.689,-12.7861,-37.5952,4057.86,0,-7.52696,-14.5391,2389.07,1326.67,5.77749e+06,0,2018.62,2512.55,2389.07,316.959,0.114479,-186.85,0.00201554,0.000230737,-0.0431131
"P_shell(1,0,0)/11",od0,121,0.090909,0,0,3,39.941,41.0033,routeH_stable,1.67231e-11,1.45639e-06,48.4645,60.2008,39.9409,2,40.8477,0.911305,3,1,2,60.2008,18.4799,3.04936,494.8,0,34.1416,27.9284,107.548,42.3433,12089.1,0,57.0598,124.377,107.548,-33.5401,0.306971,5.81971,-0.01804,-0.00553776,-0.0322282
"P_shell(1,0,0)/11",od0,121,0.090909,0,0,4,39.941,41.0033,routeH_stable,8.23019e-11,7.16754e-06,107.515,101.192,39.9409,1,40.8477,0.911305,4,1,2,101.192,-12.3812,3.04931,494.8,0,-9.86564,-27.8888,-22.8611,42.3431,12089.1,0,2.68201,-31.3755,-22.8611,108.312,-0.122354,1.84644,-0.0303236,0.00371021,0.00685066
"P_shell(1,0,0)/11",od0,121,0.090909,0,0,5,61.407,64.5193,routeH_stable,7.6963e-10,6.70258e-05,515.676,498.712,61.4069,3,63.6215,0.999344,5,1,1,498.712,504.087,504.087,254104,0,-326.252,780.867,468.941,468.941,219905,0,-353.524,743.096,468.941,488.157,1.01078,0.930277,-0.0616044,-0.0622684,-0.0579269
"P_shell(1,0,0)/11",od0,121,0.090909,0,0,6,156.599,183.153,routeH_stable,1.54705e-11,1.3473e-06,-1059.4,-585.964,156.599,6,183.559,0.998877,6,1,2,-585.964,-612.381,-388.536,402134,0,-60.3925,-796.377,-673.372,-46.834,789488,0,0.549852,-898.013,-673.372,-1047.65,1.04508,1.0996,0.00869536,0.00908737,0.00999244
"P_shell(1,0,0)/11",od0,121,0.090909,0,0,7,156.599,183.153,routeH_stable,2.97208e-13,2.58834e-08,-146.838,-149.182,156.599,7,183.559,0.998877,7,1,2,-149.182,-164.691,-388.536,402134,0,59.6066,-239.457,579.704,-46.8339,789488,0,847.503,490.438,579.704,581.302,1.10396,-3.51995,0.00221377,0.00244392,-0.00860247
"P_shell(1,0,0)/11",od0,121,0.090909,0,0,8,165.743,191.049,routeH_stable,1.0474e-12,9.12163e-08,290.158,-240.68,165.743,8,192.517,0.998975,8,1,1,-240.68,-250.702,-250.702,62851.4,0,-614.225,-129.528,-378.756,-378.756,143456,0,-551.641,-321.128,-378.756,52.3326,1.04164,1.51078,0.00324692,0.00338212,0.00510965
"P_shell(1,0,0)/11",od0,121,0.090909,0,0,9,231.21,256.572,routeS,2.02434e-12,1.76296e-07,847.777,595.196,231.21,9,255.695,1,9,1,3,595.196,-109962,595.195,2.44429e+10,0,-110698,-109717,-150781,703.46,4.58918e+10,0,-147379,-151914,-150781,-150561,-184.75,1.3712,-0.00455182,0.840949,1.15311
"P_shell(1,0,0)/11",od0,121,0.090909,0,0,10,232.036,256.572,routeS,5.86152e-13,5.1047e-08,459.453,459.447,232.036,10,256.062,0.999694,10,1,3,459.447,458.757,518.918,2.44429e+10,0,-114.991,650.006,3549.89,2074.06,4.58918e+10,0,3453.86,3581.9,3549.89,3549.59,0.998498,7.73807,-0.0035036,-0.00349833,-0.0270703
"P_shell(1,0,0)/11",od0,121,0.090909,0,0,11,232.036,256.572,routeS,1.83021e-13,1.5939e-08,256.736,581.254,232.036,11,256.062,0.999694,11,1,3,581.254,111135,516.866,2.44429e+10,0,110020,111506,152133,2124.43,4.58918e+10,0,148628,153301,152133,151829,191.198,1.3689,-0.00443245,-0.847477,-1.16011
"P_shell(1,0,0)/11",od0,121,0.090909,0,0,12,451.357,471.939,routeS,2.62192e-14,2.28339e-09,358.63,388.894,451.357,12,472.582,0.999185,12,1,1,388.894,375.962,375.962,141347,0,-54.4559,519.434,-501.288,-501.288,251290,0,-1870.56,-44.8636,-501.288,-496.16,0.966745,-1.33335,-0.000870656,-0.000841702,0.00112228
"P_shell(1,0,0)/11",od0,121,0.090909,0,0,13,532.329,545.264,routeS,1.51308e-14,1.31772e-09,633.983,507.338,532.329,13,544.316,0.999998,13,1,2,507.338,507.823,578.74,659822,0,-458.869,830.054,-1284.97,471.349,5.03502e+06,0,-3520.82,-539.68,-1284.97,1839.38,1.00096,-2.53034,-0.000856179,-0.000856999,0.0021685
"P_shell(1,0,0)/11",od0,121,0.090909,0,0,14,532.329,545.264,routeS,1.23679e-14,1.0771e-09,573.186,633.977,532.329,14,544.316,0.999998,14,1,2,633.977,633.985,563.068,659822,0,-381.937,972.626,1839.53,83.2183,5.03502e+06,0,-492.683,2616.94,1839.53,-1262.19,1.00001,2.90154,-0.00106989,-0.00106991,-0.00310438
"P_shell(1,0,0)/11",od0,121,0.090909,0,0,15,767.76,778.801,routeS,1.02817e-14,8.95416e-10,-1732.13,-1676.96,767.76,15,782.018,0.999488,15,1,1,-1676.96,-1659.38,-1659.38,2.75356e+06,0,-71.6211,-2188.64,-2467.27,-2467.27,6.08744e+06,0,-1848.98,-2673.37,-2467.27,-2529.01,0.989518,1.48686,0.00137107,0.0013567,0.00201722
"P_shell(2,0,0)/11",od0,242,0.181818,0,0,1,-24.9895,88.9641,routeH_unstable,1.92932e-11,1.68021e-06,-247.221,-284.017,-24.9896,2,74.1489,0.571909,1,1,2,-284.017,23.0251,5.97997,652.591,0,161.963,-13.5259,314.875,155.892,99156,0,257.878,333.874,314.875,-3.66804,-0.0810694,13.6753,0.0258288,-0.00209393,-0.0286351
"P_shell(2,0,0)/11",od0,242,0.181818,0,0,2,-24.9895,88.9641,routeH_unstable,1.91768e-11,1.67008e-06,-246.473,-237.228,-24.9896,1,74.1489,0.571909,2,1,2,-237.228,-11.065,5.98011,652.591,0,-3.6825,-23.2875,-3.09199,155.892,99156,0,72.7263,-28.3647,-3.09199,322.3,0.046643,0.279438,0.0215738,0.00100627,0.000281189
"P_shell(2,0,0)/11",od0,242,0.181818,0,0,3,90.1855,178.631,routeH_stable,4.33806e-12,3.77795e-07,543.275,585.998,90.1854,5,177.264,0.569573,3,1,2,585.998,567.968,548.007,601419,380.643,-218.309,830.06,2728.73,1648.5,7.7689e+06,324.039,1679.91,3078.34,2728.73,2679.2,0.969232,4.80438,-0.00932449,-0.0090376,-0.0434201
"P_shell(2,0,0)/11",od0,242,0.181818,0,0,4,90.1855,178.631,routeH_stable,6.4459e-12,5.61363e-07,662.238,664.39,90.1854,4,177.264,0.569573,4,1,2,664.39,528.045,548.007,601419,380.644,-363.288,825.156,568.25,1648.48,7.7689e+06,324.04,-650.112,974.371,568.25,596.675,0.794782,1.07614,-0.0105719,-0.00840234,-0.00904209
"P_shell(2,0,0)/11",od0,242,0.181818,0,0,5,106.769,113.435,routeH_stable,4.9671e-10,4.32577e-05,1479.1,1396.38,106.769,3,112.905,0.995939,5,1,1,1396.38,1495.2,1495.2,2.23561e+06,0,-504.176,2161.65,1408.73,1408.73,1.98451e+06,0,-543.982,2059.63,1408.73,1482.65,1.07077,0.942169,-0.0547705,-0.0586464,-0.0552549
"P_shell(2,0,0)/11",od0,242,0.181818,0,0,6,152.034,182.128,routeH_stable,6.38527e-13,5.56083e-08,-213.704,-1555.16,152.034,6,182.165,0.975589,6,1,2,-1555.16,-1795.54,-1073.22,3.34709e+06,380.644,-244.806,-2312.45,-1880.9,-727.129,3.71983e+06,324.04,-289.393,-2411.41,-1880.9,471.614,1.15457,1.04754,0.0234323,0.0270542,0.0283404
"P_shell(2,0,0)/11",od0,242,0.181818,0,0,7,152.034,182.128,routeH_stable,5.54217e-11,4.82658e-06,-1990.96,-226.161,152.034,7,182.165,0.975589,7,1,2,-226.161,-350.911,-1073.22,3.34709e+06,380.643,117.317,-506.988,426.647,-727.129,3.71983e+06,324.039,887.51,273.026,426.647,-2300.06,1.5516,-1.21583,0.00340768,0.00528734,-0.00642848
"P_shell(2,0,0)/11",od0,242,0.181818,0,0,8,196.877,215.134,routeS,5.92217e-14,5.15752e-09,85.628,-439.554,196.877,8,217.952,0.995514,8,1,1,-439.554,-545.285,-545.285,297336,0,-2121.54,-19.8664,-826.352,-826.352,682857,0,-2241.66,-354.583,-826.352,-329.227,1.24054,1.51545,0.0046266,0.00573949,0.0086979
"P_shell(2,0,0)/11",od0,242,0.181818,0,0,9,242.54,264.551,routeS,2.797e-12,2.43586e-07,1041.08,1017.24,242.54,9,264.853,1,9,1,1,1017.24,1017.24,1017.24,1.03477e+06,63674,-879.977,1649.64,1137.4,1137.4,1.29367e+06,87330.6,109.848,1479.91,1137.4,1329.85,0.999999,1.11812,-0.00725075,-0.00725075,-0.00810722
"P_shell(2,0,0)/11",od0,242,0.181818,0,0,10,247.847,267.575,routeS,1.93721e-12,1.68708e-07,886.855,886.956,247.847,11,268.568,0.997419,10,1,2,886.956,893.406,887.641,1.57589e+06,63644,-268.328,1308.31,3811,2366.34,1.53707e+07,87289.4,3019.57,4074.81,3811,565.595,1.00727,4.2657,-0.00614843,-0.00619314,-0.0264181
"P_shell(2,0,0)/11",od0,242,0.181818,0,0,11,247.847,267.575,routeS,1.27728e-12,1.11236e-07,720.124,907.425,247.847,10,268.568,0.997419,11,1,2,907.425,881.88,887.645,1.57589e+06,63674,-351.301,1265.28,920.319,2364.98,1.53707e+07,87330.6,396.138,1095.05,920.319,3808.31,0.971849,1.04359,-0.00629032,-0.00611324,-0.00637971
"P_shell(2,0,0)/11",od0,242,0.181818,0,0,12,466.007,480.59,routeS,2.98049e-13,2.59566e-08,1290.56,1309.21,466.007,12,482.444,0.999269,12,1,1,1309.21,1265.76,1265.76,1.60214e+06,0,-48.9315,1703.99,232.663,232.663,54132.3,0,-1864.07,931.575,232.663,229.912,0.966813,0.183813,-0.00281245,-0.00271911,-0.000499809
"P_shell(2,0,0)/11",od0,242,0.181818,0,0,13,527.262,540.661,routeS,3.58541e-14,3.12247e-09,1032.01,715.512,527.262,14,539.374,0.999976,13,1,2,715.512,1032.12,869.392,1.58486e+06,0,-514.184,1547.56,2348.03,582.123,6.57434e+06,0,-584.534,3325.55,2348.03,-993.527,1.4425,2.27495,-0.00122972,-0.00177387,-0.00403546
"P_shell(2,0,0)/11",od0,242,0.181818,0,0,14,527.262,540.661,routeS,2.0067e-14,1.7476e-09,772.068,1032.04,527.262,13,539.374,0.999976,14,1,2,1032.04,720.821,883.553,1.58486e+06,0,-1262.37,1381.88,-1030.1,735.807,6.57434e+06,0,-4324.71,68.104,-1030.1,2347.86,0.698443,-1.42906,-0.00177372,-0.00123884,0.00177039
"P_shell(2,0,0)/11",od0,242,0.181818,0,0,15,767.406,772.15,routeS,1.00575e-13,8.75891e-09,-5360.68,-5319.27,767.406,15,779.636,0.999663,15,1,1,-5319.27,-5268.91,-5268.91,2.77614e+07,0,-303.477,-6924.05,-6792.8,-6792.8,4.61421e+07,0,-2929.98,-8080.4,-6792.8,-6844.08,0.990532,1.28922,0.00437561,0.00433418,0.00558773
"P_shell(2,1,0)/11",od0,253,0.181818,0.090909,0,1,11.6094,82.1445,routeH_stable,3.83324e-09,0.000333831,-2967.23,-2803.37,11.6091,1,81.1382,0.70878,1,1,2,-2803.37,-4321.47,-4321.47,1.2411e+09,0,-6721.81,-3521.35,-107802,-107802,1.24926e+10,0,-57195.9,-124671,-107802,-105335,1.54153,24.9458,0.212912,0.328209,8.18744
"P_shell(2,1,0)/11",od0,253,0.181818,0.090909,0,2,53.5318,85.6109,routeH_stable,1.04412e-05,0.909307,106083,109682,53.5318,2,81.1488,0.88309,2,1,2,109682,34963.1,34963.1,1.2411e+09,0,21377.6,39491.7,-29516,-29516,1.24926e+10,0,-11436.6,-35542.5,-29516,-29742.3,0.31877,-0.844203,-8.32797,-2.65471,2.24111
"P_shell(2,1,0)/11",od0,253,0.181818,0.090909,0,3,109.796,185.646,routeH_stable,3.90133e-10,3.3976e-05,-5410.42,-20509.6,109.796,6,185.928,0.670749,3,1,2,-20509.6,128855,9326.41,1.66905e+10,105.289,102359,137687,241498,196825,9.70611e+10,33174.6,153470,270840,241498,206544,-6.28265,1.87418,0.296644,-1.86371,-3.49294
"P_shell(2,1,0)/11",od0,253,0.181818,0.090909,0,4,110.17,118.853,routeH_stable,1.33802e-08,0.00116526,8510.71,8316.52,110.17,3,119.889,0.908505,4,1,1,8316.52,-43578.3,-43578.3,1.89906e+09,0,-39721.6,-44863.8,-58989.3,-58989.3,3.47974e+09,0,-47334.9,-62874.2,-58989.3,-58335.2,-5.23996,1.35364,-0.289305,1.51595,2.05205
"P_shell(2,1,0)/11",od0,253,0.181818,0.090909,0,5,121.481,181.881,routeH_stable,3.33847e-07,0.0290742,154259,167735,121.481,5,185.74,0.663623,5,1,2,167735,9326.41,128855,1.66905e+10,0.00203181,9094.1,9403.85,196825,241498,9.70611e+10,0.0176496,103508,227931,196825,224369,0.0556019,21.104,-2.431,-0.135168,-2.85259
"P_shell(2,1,0)/11",od0,253,0.181818,0.090909,0,6,151.126,181.334,routeH_stable,2.03524e-09,0.000177246,11998.1,11985.5,151.126,4,181.533,0.926295,6,1,1,11985.5,12456,12456,1.55151e+08,105.289,10338.8,13161.7,-74796.5,-74796.5,5.59452e+09,33174.6,-33999.4,-88395.6,-74796.5,-87396.8,1.03925,-6.00487,-0.18185,-0.188988,1.13485
"P_shell(2,1,0)/11",od0,253,0.181818,0.090909,0,7,171.764,193.998,routeH_stable,1.54212e-07,0.0134301,113314,110457,171.764,7,201.68,0.763931,7,1,1,110457,144048,144048,2.07499e+10,0,52414.1,174593,118685,118685,1.40862e+10,0,39802.5,144980,118685,126806,1.30412,0.823926,-1.35779,-1.77072,-1.45895
"P_shell(2,1,0)/11",od0,253,0.181818,0.090909,0,8,207.579,226.396,routeS,1.34492e-07,0.0117127,169841,170247,207.579,8,232.654,0.920035,8,1,1,170247,271914,271914,7.39374e+10,0,158883,309591,237834,237834,5.6565e+10,0,143955,269127,237834,243980,1.59717,0.874665,-1.57264,-2.51177,-2.19696
"P_shell(2,1,0)/11",od0,253,0.181818,0.090909,0,9,228.914,254.208,routeS,3.2311e-08,0.00281391,-106732,-106836,228.914,9,251.719,0.99675,9,1,1,-106836,-96972,-96972,9.40357e+09,0,-102290,-95199.3,-123277,-123277,1.51972e+10,0,-127221,-121962,-123277,-121407,0.907669,1.27126,0.843059,0.765218,0.972793
"P_shell(2,1,0)/11",od0,253,0.181818,0.090909,0,10,250.847,269.493,routeS,3.58575e-10,3.12277e-05,-12198.1,-12223.6,250.847,10,270.588,0.998604,10,1,1,-12223.6,-12166.9,-12166.9,1.48032e+08,0,-13093.7,-11857.9,47762.3,47762.3,2.28123e+09,0,18783.4,57421.9,47762.3,48078.3,0.99536,-3.92561,0.083474,0.0830867,-0.326166
"P_shell(2,1,0)/11",od0,253,0.181818,0.090909,0,11,267.518,281.293,routeS,1.14391e-08,0.000996212,74408.5,74512.5,267.518,11,286.187,0.997289,11,1,1,74512.5,71405.9,71405.9,5.09881e+09,0,69755.5,71956,103527,103527,1.07178e+10,0,99269.1,104946,103527,104590,0.958308,1.44983,-0.454882,-0.435918,-0.632008
"P_shell(2,1,0)/11",od0,253,0.181818,0.090909,0,12,464.374,480.052,routeS,8.76423e-09,0.000763262,219739,220427,464.374,12,481.151,0.999345,12,1,1,220427,214853,214853,4.61619e+10,0,149328,236695,361782,361782,1.30886e+11,0,229031,406033,361782,360586,0.974712,1.68386,-0.476071,-0.464032,-0.781364
"P_shell(2,1,0)/11",od0,253,0.181818,0.090909,0,13,525.544,539.053,routeS,9.68695e-13,8.43621e-08,-5455.99,-5387.82,525.544,13,537.733,0.999978,13,1,1,-5387.82,-5406.79,-5406.79,2.92333e+07,0,-3927.71,-5899.81,-166.846,-166.846,27837.5,0,-2381.53,571.383,-166.846,-69.2145,1.00352,0.0308586,0.00931643,0.00934923,0.000288504
"P_shell(2,1,0)/11",od0,253,0.181818,0.090909,0,14,531.583,539.876,routeS,1.51891e-11,1.32279e-06,-21843.2,-21612.1,531.583,14,543.763,0.999936,14,1,1,-21612.1,-18652.5,-18652.5,3.47915e+08,0,-170551,31980.2,18604.2,18604.2,3.46116e+08,0,-159626,78014.4,18604.2,18902.8,0.863056,-0.99741,0.0365467,0.0315418,-0.0314602
"P_shell(2,1,0)/11",od0,253,0.181818,0.090909,0,15,768.113,771.825,routeS,1.46864e-09,0.000127901,648930,648486,768.113,15,779.541,0.999663,15,1,1,648486,645752,645752,4.16995e+11,0,466556,705483,756209,756209,5.71852e+11,0,521053,834594,756209,756607,0.995784,1.17105,-0.533571,-0.531321,-0.622205
"C1[100,125)",od0,1325,0.909091,0.909091,0.454545,2,102.359,117.72,routeH_stable,1.01044e-06,0.0879976,72442.5,72431.7,102.359,2,116.698,0.991186,2,1,1,72431.7,75654.2,75654.2,5.72356e+09,1.06001e-08,76216.2,75466.9,60822,60822,3.69932e+09,6.8649e-05,61714.6,60524.5,60822,60774.2,1.04449,0.803947,-2.65932,-2.77763,-2.23307
"C1[100,125)",od0,137,0.090909,0.090909,0.454545,2,102.359,117.72,routeH_stable,1.01044e-06,0.0879976,72442.5,72431.7,102.359,2,116.698,0.991186,2,1,1,72431.7,75654.2,75654.2,5.72356e+09,7.00288e-09,76216.2,75466.9,60822,60822,3.69932e+09,6.8661e-05,61714.6,60524.5,60822,60774.2,1.04449,0.803947,-2.65932,-2.77763,-2.23307
"C1[100,125)",od0,138,0.090909,0.090909,0.545455,2,102.359,117.72,routeH_stable,1.01044e-06,0.0879976,72442.5,72431.7,102.359,2,116.698,0.991186,2,1,1,72431.7,75654.2,75654.2,5.72356e+09,1.42698e-08,76216.2,75466.9,60822,60822,3.69932e+09,6.8646e-05,61714.6,60524.5,60822,60774.2,1.04449,0.803947,-2.65932,-2.77763,-2.23307
"C1[100,125)",od0,1326,0.909091,0.909091,0.545455,2,102.359,117.72,routeH_stable,1.01044e-06,0.0879976,72442.5,72431.7,102.359,2,116.698,0.991186,2,1,1,72431.7,75654.2,75654.2,5.72356e+09,1.56492e-09,76216.2,75466.9,60822,60822,3.69932e+09,6.86566e-05,61714.6,60524.5,60822,60774.2,1.04449,0.803947,-2.65932,-2.77763,-2.23307
"C1[100,125)",od0,1227,0.909091,0.090909,0.545455,2,102.359,117.72,routeH_stable,9.94983e-07,0.0866514,-71886.4,-71908.1,102.359,2,116.698,0.991186,2,1,1,-71908.1,-75031.7,-75031.7,5.62976e+09,0.0019409,-75796.1,-74776.9,-60473.5,-60473.5,3.65704e+09,0.00160436,-61211,-60227.6,-60473.5,-60400.5,1.04344,0.805972,2.64009,2.75478,2.22027
"C1[100,125)",od0,1226,0.909091,0.090909,0.454545,2,102.359,117.72,routeH_stable,9.94983e-07,0.0866514,-71886.4,-71908.1,102.359,2,116.698,0.991186,2,1,1,-71908.1,-75031.7,-75031.7,5.62976e+09,0.00194091,-75796.1,-74776.9,-60473.5,-60473.5,3.65704e+09,0.00160436,-61211,-60227.6,-60473.5,-60400.5,1.04344,0.805972,2.64009,2.75478,2.22027
"C1[100,125)",od0,236,0.090909,0.909091,0.454545,2,102.359,117.72,routeH_stable,9.94983e-07,0.0866514,-71886.4,-71908.1,102.359,2,116.698,0.991186,2,1,1,-71908.1,-75031.7,-75031.7,5.62976e+09,0.00194092,-75796.1,-74776.9,-60473.5,-60473.5,3.65704e+09,0.00160437,-61211,-60227.6,-60473.5,-60400.5,1.04344,0.805972,2.64009,2.75478,2.22027
"C1[100,125)",od0,237,0.090909,0.909091,0.545455,2,102.359,117.72,routeH_stable,9.94983e-07,0.0866514,-71886.4,-71908.1,102.359,2,116.698,0.991186,2,1,1,-71908.1,-75031.7,-75031.7,5.62976e+09,0.00194093,-75796.1,-74776.9,-60473.5,-60473.5,3.65704e+09,0.00160438,-61211,-60227.6,-60473.5,-60400.5,1.04344,0.805972,2.64009,2.75478,2.22027
"C1[100,125)",od0,1314,0.909091,0.818182,0.454545,3,105.267,120.036,routeH_stable,8.27404e-07,0.0720573,68374.6,69973.7,105.267,2,119.237,0.923483,3,1,1,69973.7,65632.8,65632.8,4.30766e+09,31820.6,66071.1,65486.7,56597.5,56597.5,3.20327e+09,27117.3,55604.4,56928.5,56597.5,69681.1,0.937963,0.862335,-2.46084,-2.30818,-1.99042
"C1[100,125)",od0,1315,0.909091,0.818182,0.545455,3,105.267,120.036,routeH_stable,8.27404e-07,0.0720573,68374.6,69973.7,105.267,2,119.237,0.923483,3,1,1,69973.7,65632.8,65632.8,4.30766e+09,31820.6,66071.1,65486.7,56597.5,56597.5,3.20327e+09,27117.3,55604.4,56928.5,56597.5,69681.1,0.937963,0.862335,-2.46084,-2.30818,-1.99042
C2_routeS~250,od0,341,0.181818,0.818182,0,9,259.794,261.443,routeS,2.85311e-07,0.0248473,-389050,-389891,259.794,10,285.848,0.979077,9,1,1,-389891,-433075,-433075,1.87554e+11,0,-241952,-496783,-430817,-430817,1.85603e+11,0,-237989,-495093,-430817,-434397,1.11076,0.994786,2.38585,2.65011,2.63629
C2_routeS~250,od0,1111,0.818182,0.181818,0,9,259.794,261.443,routeS,2.85311e-07,0.0248473,-389050,-389891,259.794,10,285.848,0.979077,9,1,1,-389891,-433075,-433075,1.87554e+11,0,-241952,-496783,-430817,-430817,1.85603e+11,0,-237989,-495093,-430817,-434397,1.11076,0.994786,2.38585,2.65011,2.63629
C2_routeS~250,od0,1188,0.818182,0.818182,0,9,259.794,261.443,routeS,2.79735e-07,0.0243617,385229,385598,259.794,10,285.848,0.979077,9,1,1,385598,429371,429371,1.8436e+11,0,240677,492269,425664,425664,1.81189e+11,0,235329,489108,425664,429342,1.11352,0.991365,-2.35958,-2.62744,-2.60475
C2_routeS~250,od0,264,0.181818,0.181818,0,9,259.794,261.443,routeS,2.79735e-07,0.0243617,385229,385598,259.794,10,285.848,0.979077,9,1,1,385598,429371,429371,1.8436e+11,0,240677,492269,425664,425664,1.81189e+11,0,235329,489108,425664,429342,1.11352,0.991365,-2.35958,-2.62744,-2.60475
C2_routeS~250,od0,342,0.181818,0.818182,0.090909,9,248.806,256.036,routeS,1.20731e-07,0.0105143,-240658,-242266,248.806,9,271.982,0.967901,9,1,1,-242266,-199310,-199310,3.97246e+10,0,-131906,-221779,-182470,-182470,3.32953e+10,0,-122322,-202519,-182470,-178375,0.822691,0.915506,1.63751,1.34716,1.23334
C3_R,od0,665,0.454545,0.454545,0.454545,2,-72.6215,88.9641,routeH_unstable,1.98948e-06,0.173261,-79387.6,-79587.6,-72.6212,2,77.7637,0.999998,2,1,2,-79587.6,-79648,10835.1,6.50443e+09,41563.1,-72488.9,-82034.4,-38938.2,13641.2,1.73256e+09,20168.8,-34797.4,-40318.5,-38938.2,-38737,1.00076,0.488879,6.58054,6.58554,3.21953
C3_R,od0,665,0.454545,0.454545,0.454545,1,-76.1211,88.9641,routeH_unstable,7.19264e-07,0.0626395,47733.9,56259.4,-76.1209,1,74.581,1,1,1,1,56259.4,56259.4,56259.4,3.16512e+09,41563.1,44624.3,60137.8,27165.4,27165.4,7.37958e+08,20168.8,20713.4,29316,27165.4,25044.9,1,0.48286,-5.05719,-5.05719,-2.44191
C3_R,od0,665,0.454545,0.454545,0.454545,6,127.508,141.58,routeH_stable,3.61702e-07,0.0315,72500.3,72439.5,127.508,6,140.492,0.999999,6,1,2,72439.5,72502.5,11203.5,5.91269e+09,26474.5,73517.1,72164.3,58084.8,5817.29,4.02796e+09,20413.6,60099.3,57413.2,58084.8,58122.7,1.00087,0.801142,-1.83502,-1.83661,-1.47139
C3_R,od0,665,0.454545,0.454545,0.454545,3,-72.6215,88.9641,routeH_unstable,1.43476e-07,0.0124951,21319.3,12818.6,-72.6212,3,77.7637,0.999998,3,1,2,12818.6,12673.9,-77809.3,6.50443e+09,5925,12665.1,12676.8,14709.7,-37869.7,1.73256e+09,2875.13,10781.3,16019.2,14709.7,16639.4,0.988711,1.16064,-1.05988,-1.04791,-1.21625
C3_R,od0,665,0.454545,0.454545,0.454545,4,126.334,140.437,routeH_stable,1.3811e-07,0.0120278,-43279.4,-47553.2,126.334,4,139.437,1,4,1,1,-47553.2,-47553.1,-47553.1,2.2613e+09,26474.5,-47324.3,-47629.3,-36652.6,-36652.6,1.34341e+09,20413.6,-39236.8,-35791.2,-36652.6,-39620.3,0.999997,0.770772,1.22291,1.22291,0.942582
"P[0,25)",od1,1221,0.909091,0.090909,0,2,20.7891,62.2051,routeH_stable,3.97482e-05,3.46161,-172677,-191126,20.789,2,49.5938,0.609297,2,1,1,-191126,-28607.6,-28607.6,8.18396e+08,0.000681164,-15426.6,-33001.3,-27434.5,-27434.5,7.52654e+08,0.000383709,-14232.8,-31835.1,-27434.5,-27164.6,0.149679,0.958994,38.854,5.81563,5.57716
"P[0,25)",od1,231,0.090909,0.909091,0,2,20.7891,62.2051,routeH_stable,3.97482e-05,3.46161,-172677,-191126,20.789,2,49.5938,0.609297,2,1,1,-191126,-28607.6,-28607.6,8.18396e+08,0.000681171,-15426.6,-33001.3,-27434.5,-27434.5,7.52654e+08,0.000383703,-14232.8,-31835.1,-27434.5,-27164.6,0.149679,0.958994,38.854,5.81563,5.57716
"P[0,25)",od1,132,0.090909,0.090909,0,2,20.7891,62.2051,routeH_stable,3.92203e-05,3.41563,171527,190041,20.789,2,49.5938,0.609297,2,1,1,190041,29351.2,29351.2,8.61495e+08,2.08137e-09,15850.4,33851.5,28120.5,28120.5,7.90761e+08,0.00286111,14599.7,32627.4,28120.5,27767.1,0.154447,0.958068,-38.6334,-5.9668,-5.7166
"P_shell(1,1,0)/11",od1,132,0.090909,0.090909,0,1,-46.6343,174.891,routeH_unstable,3.83735e-12,3.34188e-07,435.631,716.679,-46.6344,4,154.312,0.377687,6,0,1,7204.06,4771.94,4771.94,2.27714e+07,2.37933e-09,5089.25,4666.17,11628.1,11628.1,1.35214e+08,0.00437082,9789.19,12241.1,11628.1,11312.5,0.662396,2.43678,-0.151268,-0.1002,-0.244164
"P_shell(1,1,0)/11",od1,132,0.090909,0.090909,0,2,20.7891,62.2051,routeH_stable,3.92203e-05,3.41563,171527,190041,20.789,2,49.5938,0.609297,2,1,1,190041,29351.2,29351.2,8.61495e+08,2.08137e-09,15850.4,33851.5,28120.5,28120.5,7.90761e+08,0.00286111,14599.7,32627.4,28120.5,27767.1,0.154447,0.958068,-38.6334,-5.9668,-5.7166
"P_shell(1,1,0)/11",od1,132,0.090909,0.090909,0,3,64.5133,56.7615,routeH_stable,5.20211e-08,0.00453043,3278.19,2962.1,64.5132,1,47.7732,0.642333,3,1,1,2962.1,-1431.37,-1431.37,2.04883e+06,2.08137e-09,-3262.86,-820.876,2058.15,2058.15,4.23598e+06,0.00286111,-1503.64,3245.42,2058.15,2091.05,-0.48323,-1.43789,-0.648934,0.313584,-0.450898
"P_shell(1,1,0)/11",od1,132,0.090909,0.090909,0,4,70.4594,172.668,routeH_stable,4.56555e-07,0.0397606,162956,145575,70.4593,5,156.23,0.4927,4,1,1,145575,182534,182534,3.33186e+10,2.37933e-09,158278,190619,147789,147789,2.18416e+10,0.00437082,125243,155304,147789,144902,1.25388,0.809652,-2.98215,-3.73926,-3.0275
"P_shell(1,1,0)/11",od1,132,0.090909,0.090909,0,5,82.4339,84.8814,routeH_stable,8.8902e-08,0.00774233,-9621.5,-8774.39,82.4338,3,84.5006,0.997647,5,1,1,-8774.39,-4147.65,-4147.65,1.7203e+07,0,-10402.6,-2062.66,-152.266,-152.266,23184.9,0,-8313.1,2568.01,-152.272,-672.847,0.472699,0.0367114,0.614422,0.290437,0.0106623
"P_shell(1,1,0)/11",od1,132,0.090909,0.090909,0,6,155.037,182.696,routeH_stable,7.23787e-10,6.30334e-05,7223.43,7204.06,155.037,7,191.851,0.602219,6,1,1,7204.06,8289.09,8289.09,6.8709e+07,0,6923.48,8744.29,15739.2,15739.2,2.47722e+08,0,10731,17408.6,15739.2,16015.1,1.15061,1.89878,-0.0978629,-0.112602,-0.213808
"P_shell(1,1,0)/11",od1,132,0.090909,0.090909,0,7,163.119,186.946,routeH_stable,5.19474e-08,0.00452401,-62967.3,-64757.4,163.119,6,180.48,0.997485,7,1,1,-64757.4,-67267.2,-67267.2,4.52487e+09,0,-101631,-55812.5,-66429.4,-66429.4,4.41286e+09,0,-93625.8,-57363.9,-66429.4,-65241.5,1.03876,0.987545,0.994039,1.03256,1.0197
"P_shell(1,1,0)/11",od1,132,0.090909,0.090909,0,8,177.846,202.018,routeS,1.21264e-06,0.105607,279414,278032,177.846,8,214.501,0.796019,8,1,1,278032,394002,394002,1.55237e+11,0,260708,438433,414060,414060,1.71446e+11,0,269520,462240,414060,416226,1.41711,1.05091,-3.02138,-4.28162,-4.49959
"P_shell(1,1,0)/11",od1,132,0.090909,0.090909,0,9,225.89,252.72,routeS,4.3836e-08,0.00381761,-122278,-122592,225.891,9,250.776,0.997625,9,1,1,-122592,-109672,-109672,1.2028e+10,0,-113064,-108542,-136177,-136177,1.85442e+10,0,-141249,-134487,-136177,-134949,0.89461,1.24167,0.974675,0.871953,1.08268
"P_shell(1,1,0)/11",od1,132,0.090909,0.090909,0,10,236.735,259.653,routeS,8.79665e-11,7.66086e-06,-5734.65,-5734.69,236.735,10,259.991,1,10,1,1,-5734.69,-5734.69,-5734.69,3.28867e+07,0,-6590.8,-5449.32,2678.93,2678.93,7.17668e+06,0,-452.723,3722.82,2678.93,2678.93,1,-0.467145,0.0424193,0.0424193,-0.019816
"P_shell(1,1,0)/11",od1,132,0.090909,0.090909,0,11,245.989,265.947,routeS,1.82014e-08,0.00158513,85605.5,86034.9,245.989,11,268.21,0.999683,11,1,1,86034.9,85073.8,85073.8,7.23755e+09,0,86360.2,84645,143415,143415,2.0568e+10,0,133374,146762,143415,143194,0.988829,1.68578,-0.597991,-0.591311,-0.996818
"P_shell(1,1,0)/11",od1,132,0.090909,0.090909,0,12,452.628,472.871,routeS,9.09801e-09,0.000792331,212476,213112,452.628,12,458.833,0.999167,12,1,1,213112,213693,213693,4.56648e+10,0,159081,231897,290245,290245,8.42422e+10,0,219004,313992,290245,289635,1.00273,1.35823,-0.506138,-0.507519,-0.689328
"P_shell(1,1,0)/11",od1,132,0.090909,0.090909,0,13,530.568,543.733,routeS,6.85947e-13,5.9738e-08,-4353.79,-4299.53,530.568,13,541.841,0.996192,13,1,1,-4299.53,-5046.35,-5046.35,2.54656e+07,6.82222e-10,-3851.05,-5444.78,10427.5,10427.5,1.08734e+08,0.00483677,3137.36,12857.6,10427.5,10434.4,1.1737,-2.06636,0.00732229,0.00859416,-0.0177586
"P_shell(1,1,0)/11",od1,132,0.090909,0.090909,0,14,534.15,543.733,routeS,1.88139e-09,0.000163847,-231104,-230543,534.15,14,545.296,0.996195,14,1,1,-230543,-235701,-235701,5.5555e+10,6.82222e-10,-346478,-198775,-205517,-205517,4.22372e+10,0.00483677,-336423,-161881,-205517,-205671,1.02237,0.871938,0.387666,0.39634,0.345584
"P_shell(1,1,0)/11",od1,132,0.090909,0.090909,0,15,766.291,777.114,routeS,2.30409e-09,0.000200659,810792,810670,766.291,15,788.34,0.999343,15,1,1,810670,808932,808932,6.54371e+11,0,610991,874912,837822,837822,7.01946e+11,0,614278,912337,837822,837985,0.997857,1.03571,-0.65221,-0.650812,-0.674055
"P[0,25)",od1,1320,0.909091,0.909091,0,2,20.7891,62.2051,routeH_stable,3.92203e-05,3.41563,171527,190041,20.789,2,49.5938,0.609297,2,1,1,190041,29351.2,29351.2,8.61495e+08,5.53479e-10,15850.4,33851.5,28120.5,28120.5,7.90761e+08,0.00286112,14599.7,32627.4,28120.5,27767.1,0.154447,0.958068,-38.6334,-5.9668,-5.7166
"P[25,50)",od1,1231,0.909091,0.090909,0.909091,1,35.7871,71.8605,routeH_stable,1.06623e-05,0.928562,-119547,-127489,35.787,2,58.139,0.743821,1,1,2,-127489,-1651.58,-20515.9,7.21181e+08,0,-225.809,-2126.84,-6982.84,-19926.4,6.36381e+08,0,-2809.85,-8373.84,-6982.85,-6923.32,0.0129547,4.22796,18.8585,0.244307,1.03292
"P[25,50)",od1,1222,0.909091,0.090909,0.090909,1,35.7871,71.8605,routeH_stable,1.06623e-05,0.928562,-119547,-127489,35.787,1,58.139,0.743821,1,1,2,-127489,-26804,-7939.68,7.21181e+08,0,-16134.6,-30360.4,-24240.9,-11297.4,6.36381e+08,0,-14059.6,-27634.7,-24240.9,-23842,0.210245,0.904377,18.8585,3.96491,3.58577
"P[25,50)",od1,241,0.090909,0.909091,0.909091,1,35.7871,71.8605,routeH_stable,1.06623e-05,0.928562,-119547,-127489,35.787,1,58.139,0.743821,1,1,2,-127489,-26804,-7939.67,7.21181e+08,0,-16134.6,-30360.4,-24240.9,-11297.3,6.36381e+08,0,-14059.6,-27634.7,-24240.9,-23842,0.210245,0.904377,18.8585,3.96491,3.58577
"P[25,50)",od1,232,0.090909,0.909091,0.090909,1,35.7871,71.8605,routeH_stable,1.06623e-05,0.928562,-119547,-127489,35.787,2,58.139,0.743821,1,1,2,-127489,-1651.58,-20515.9,7.21181e+08,0,-225.809,-2126.84,-6982.84,-19926.4,6.36381e+08,0,-2809.85,-8373.84,-6982.85,-6923.32,0.0129547,4.22796,18.8585,0.244307,1.03292
"P[25,50)",od1,1330,0.909091,0.909091,0.909091,2,35.7871,71.8605,routeH_stable,1.04402e-05,0.90922,118295,126456,35.787,2,58.1391,0.743821,2,1,2,126456,26565.1,4950.11,7.10987e+08,0,16077.1,30061.1,23948.1,9482.73,6.32924e+08,0,13962.4,27276.6,23948.1,23516.5,0.210075,0.901486,-18.7056,-3.92958,-3.54246
"P[25,50)",od1,1321,0.909091,0.909091,0.090909,2,35.7871,71.8605,routeH_stable,1.04402e-05,0.90922,118295,126456,35.787,2,58.139,0.743821,2,1,2,126456,26565.1,2298.24,7.10987e+08,0,16077.1,30061.1,23948.1,7708.03,6.32924e+08,0,13962.4,27276.6,23948.1,23516.5,0.210075,0.901486,-18.7056,-3.92958,-3.54246
"P[25,50)",od1,142,0.090909,0.090909,0.909091,2,35.7871,71.8605,routeH_stable,1.04402e-05,0.90922,118295,126456,35.787,2,58.139,0.743821,2,1,2,126456,26565.1,2298.24,7.10987e+08,0,16077.1,30061.1,23948.1,7708.03,6.32924e+08,0,13962.4,27276.6,23948.1,23516.5,0.210075,0.901486,-18.7056,-3.92958,-3.54246
"P[25,50)",od1,133,0.090909,0.090909,0.090909,2,35.7871,71.8605,routeH_stable,1.04402e-05,0.90922,118295,126456,35.787,2,58.1391,0.743821,2,1,2,126456,26565.1,11796.3,7.10987e+08,0,16077.1,30061.1,23948.1,14064.4,6.32924e+08,0,13962.4,27276.6,23948.1,23516.5,0.210075,0.901486,-18.7056,-3.92958,-3.54246
"P_shell(1,1,1)/11",od1,133,0.090909,0.090909,0.090909,1,35.7871,71.8605,routeH_stable,1.84687e-07,0.0160841,-15733.7,-18253.6,35.787,1,58.1391,0.743821,1,1,2,-18253.6,2298.24,17067.1,7.10987e+08,0,-242.724,3145.22,7708.03,17591.7,6.32924e+08,0,2410.81,9473.76,7708.03,7688.85,-0.125906,3.35389,2.70012,-0.339961,-1.14019
"P_shell(1,1,1)/11",od1,133,0.090909,0.090909,0.090909,2,35.7871,71.8605,routeH_stable,1.04402e-05,0.90922,118295,126456,35.787,2,58.1391,0.743821,2,1,2,126456,26565.1,11796.3,7.10987e+08,0,16077.1,30061.1,23948.1,14064.4,6.32924e+08,0,13962.4,27276.6,23948.1,23516.5,0.210075,0.901486,-18.7056,-3.92958,-3.54246
"P_shell(1,1,1)/11",od1,133,0.090909,0.090909,0.090909,3,86.9961,175.653,routeH_stable,2.6711e-08,0.00232622,-41517.4,-39000.5,86.996,5,160.524,0.578189,3,1,2,-39000.5,149529,-36035.5,2.40008e+10,0,137699,153472,116513,-18882.5,1.4066e+10,0,106879,119724,116513,114558,-3.83403,0.779198,0.756761,-2.90145,-2.2608
"P_shell(1,1,1)/11",od1,133,0.090909,0.090909,0.090909,4,86.9961,175.653,routeH_stable,3.38457e-07,0.0294757,147787,140606,86.996,4,160.524,0.578189,4,1,2,140606,-40519.4,145045,2.40008e+10,0,-48529,-37849.5,-22154.2,113241,1.4066e+10,0,-32665.4,-18650.4,-22154.2,-21351.2,-0.288177,0.546754,-2.72831,0.786234,0.429877
"P_shell(1,1,1)/11",od1,133,0.090909,0.090909,0.090909,5,97.7041,99.8679,routeH_stable,2.19066e-07,0.0190781,-22011.3,-21287.9,97.7041,3,101.093,0.992382,5,1,1,-21287.9,-15676.2,-15676.2,2.45743e+08,0,-18093.1,-14870.5,-13183.8,-13183.8,1.73812e+08,0,-16108.3,-12208.9,-13183.8,-13587,0.73639,0.841005,1.0415,0.766948,0.645007
"P_shell(1,1,1)/11",od1,133,0.090909,0.090909,0.090909,6,162.918,184.063,routeH_stable,1.23453e-08,0.00107513,-30113.3,-31066.3,162.918,6,178.663,0.99202,6,1,1,-31066.3,-36845.5,-36845.5,1.35759e+09,0,-55683,-30566.4,-38797.5,-38797.5,1.50525e+09,0,-52202.2,-34329.3,-38797.6,-38679.7,1.18603,1.05298,0.486622,0.577148,0.607725
"P_shell(1,1,1)/11",od1,133,0.090909,0.090909,0.090909,7,176.912,201.968,routeS,2.12237e-08,0.00184834,-36558.7,-36784.8,176.912,8,214.941,0.762758,7,1,2,-36784.8,321421,282438,1.0601e+11,0,222905,354260,342624,302469,1.19154e+11,0,232463,379345,342624,343956,-8.73786,1.06597,0.398106,-3.47859,-3.70807
"P_shell(1,1,1)/11",od1,133,0.090909,0.090909,0.090909,8,176.912,201.968,routeS,9.16582e-07,0.0798236,240251,239488,176.912,7,214.941,0.762758,8,1,2,239488,-51949.9,-12967.4,1.0601e+11,0,-44088.3,-54570.5,-41977.6,-1822.5,1.19154e+11,0,-38313.8,-43198.9,-41977.6,-42115.6,-0.216921,0.80804,-2.59187,0.562231,0.454305
"P_shell(1,1,1)/11",od1,133,0.090909,0.090909,0.090909,9,219.979,249.144,routeS,2.06266e-08,0.00179634,-81417.1,-81993.9,219.979,9,244.995,1,9,1,1,-81993.9,-81993.9,-81993.9,6.723e+09,0,-76453.9,-83840.6,-91079.9,-91079.9,8.29555e+09,0,-90204.2,-91371.8,-91079.9,-90092.9,1,1.11081,0.683027,0.683027,0.758716
"P_shell(1,1,1)/11",od1,133,0.090909,0.090909,0.090909,10,251.58,269.727,routeS,2.48794e-09,0.000216671,-32266.4,-32498,251.58,11,273.388,0.99657,10,1,2,-32498,58229.2,-5899.64,3.67436e+09,0,69415.9,54500.4,119452,-3625.93,1.48754e+10,0,115779,120676,119452,119383,-1.79178,2.0514,0.217404,-0.389541,-0.799106
"P_shell(1,1,1)/11",od1,133,0.090909,0.090909,0.090909,11,251.58,269.727,routeS,9.86255e-09,0.000858913,64242.8,64461.6,251.58,10,273.388,0.99657,11,1,2,64461.6,-16843.9,47284.9,3.67436e+09,0,-28912.9,-12821,-24630.5,98447.2,1.48754e+10,0,-36597.1,-20641.6,-24630.5,-24313.4,-0.261302,1.46228,-0.431234,0.112682,0.164773
"P_shell(1,1,1)/11",od1,133,0.090909,0.090909,0.090909,12,453.745,473.635,routeS,2.47262e-09,0.000215336,111328,111783,453.745,12,459.9,0.999171,12,1,1,111783,111677,111677,1.24717e+10,0,87054.3,119884,160397,160397,2.57273e+10,0,125002,172196,160397,159940,0.999049,1.43626,-0.264252,-0.264001,-0.379175
"P_shell(1,1,1)/11",od1,133,0.090909,0.090909,0.090909,13,532.515,542.318,routeS,2.71198e-09,0.000236182,-282203,-281612,532.515,14,543.721,0.996102,13,1,2,-281612,197577,146724,1.22114e+11,0,176016,204764,236578,184661,1.23253e+11,0,195670,250214,236578,236720,-0.701595,1.19739,0.476286,-0.33416,-0.400121
"P_shell(1,1,1)/11",od1,133,0.090909,0.090909,0.090909,14,532.515,542.318,routeS,1.30084e-09,0.000113288,195448,195213,532.515,13,543.721,0.996102,14,1,2,195213,-288231,-237377,1.22114e+11,0,-373491,-259811,-259391,-207474,1.23253e+11,0,-364963,-224200,-259391,-259640,-1.4765,0.899942,-0.330161,0.487481,0.438704
"P_shell(1,1,1)/11",od1,133,0.090909,0.090909,0.090909,15,766.035,775.76,routeS,7.96015e-10,6.93236e-05,475630,475650,766.035,15,787.323,0.999284,15,1,1,475650,475924,475924,2.26504e+11,0,375826,509290,493375,493375,2.43419e+11,0,378456,531682,493375,493399,1.00058,1.03667,-0.383664,-0.383885,-0.397961
"P[25,50)",od1,10,0,0,0.909091,4,39.941,41.0033,routeH_stable,1.03167e-06,0.0898464,12037.5,10098.3,39.9409,2,34.6959,0.904744,4,1,2,10098.3,2420.45,2420.45,1.17302e+07,0,2399.83,2427.32,1714.2,1714.2,5.91131e+06,0,1702.03,1718.25,1714.21,1692.55,0.239689,0.708216,-4.19432,-1.00533,-0.711992
"P[25,50)",od1,10,0,0,0.909091,3,39.941,41.0033,routeH_stable,9.86247e-07,0.0858906,-11769.5,-9914.1,39.9409,1,34.6959,0.904744,3,1,2,-9914.1,-2423.15,-2423.15,1.17302e+07,0,-2442.96,-2416.55,-1724.19,-1724.19,5.91131e+06,0,-1748.24,-1716.17,-1724.2,-1702.79,0.244415,0.711547,4.11782,1.00646,0.716141
"P[25,50)",od1,1,0,0,0.090909,4,39.941,41.0033,routeH_stable,1.03167e-06,0.0898464,12037.5,10098.3,39.9409,1,34.6959,0.904744,4,1,2,10098.3,-2423.15,-2423.15,1.17302e+07,0,-2442.96,-2416.55,-1724.19,-1724.19,5.91131e+06,0,-1748.24,-1716.17,-1724.2,-1702.79,-0.239957,0.711547,-4.19432,1.00646,0.716141
"P[25,50)",od1,1,0,0,0.090909,3,39.941,41.0033,routeH_stable,9.86247e-07,0.0858906,-11769.5,-9914.1,39.9409,2,34.6959,0.904744,3,1,2,-9914.1,2420.45,2420.45,1.17302e+07,0,2399.83,2427.32,1714.2,1714.2,5.91131e+06,0,1702.03,1718.25,1714.21,1692.55,-0.244142,0.708216,4.11782,-1.00533,-0.711992
"P[25,50)",od1,3,0,0,0.272727,1,45.8522,98.0704,routeH_stable,7.8512e-07,0.0683748,-60710.3,-60887.2,45.8521,2,84.0122,0.785242,1,1,2,-60887.2,27829.9,27829.9,1.56764e+09,0,27990.6,27776.4,24284.7,24284.7,1.20251e+09,0,24768.4,24123.5,24284.7,24268.5,-0.457073,0.872612,4.31332,-1.9715,-1.72036
"P[25,50)",od1,3,0,0,0.272727,2,45.8522,98.0704,routeH_stable,7.65815e-07,0.0666936,59959.3,60267.1,45.8521,1,84.0122,0.785242,2,1,2,60267.1,-28162.6,-28162.6,1.56764e+09,0,-28015.5,-28211.7,-24754.1,-24754.1,1.20251e+09,0,-24818.1,-24732.8,-24754.1,-24740.9,-0.467297,0.87897,-4.26939,1.99507,1.75361
"P[25,50)",od1,8,0,0,0.727273,1,45.8522,98.0704,routeH_stable,7.8512e-07,0.0683748,-60710.3,-60887.2,45.8521,2,84.0122,0.785242,1,1,2,-60887.2,27829.9,27829.9,1.56764e+09,0,27990.6,27776.4,24284.7,24284.7,1.20251e+09,0,24768.4,24123.5,24284.7,24268.5,-0.457073,0.872612,4.31332,-1.9715,-1.72036
"P[25,50)",od1,8,0,0,0.727273,2,45.8522,98.0704,routeH_stable,7.65815e-07,0.0666936,59959.3,60267.1,45.8521,1,84.0122,0.785242,2,1,2,60267.1,-28162.6,-28162.6,1.56764e+09,0,-28015.5,-28211.7,-24754.1,-24754.1,1.20251e+09,0,-24818.1,-24732.8,-24754.1,-24740.9,-0.467297,0.87897,-4.26939,1.99507,1.75361
"P_shell(1,0,0)/11",od1,121,0.090909,0,0,1,-62.1637,170.6,routeH_unstable,4.16073e-13,3.62351e-08,-136.301,-165.147,-62.1637,4,147.564,0.640877,1,1,2,-165.147,74.4645,116.767,31976.5,0,-120.709,139.522,-275.971,1106.18,6.85167e+06,0,54.7626,-386.215,-275.971,-331.467,-0.450897,-3.70607,0.00379209,-0.00170984,0.00633679
"P_shell(1,0,0)/11",od1,121,0.090909,0,0,2,-62.1637,170.6,routeH_unstable,3.23361e-13,2.8161e-08,-120.159,-111.689,-62.1637,5,147.564,0.640877,2,1,2,-111.689,162.578,120.276,31976.5,0,-63.0164,237.776,2602.98,1220.83,6.85167e+06,0,2462.79,2649.71,2602.98,2581.89,-1.45563,16.0107,0.00256459,-0.00373309,-0.0597692
"P_shell(1,0,0)/11",od1,121,0.090909,0,0,3,39.941,41.0033,routeH_stable,1.67231e-11,1.45639e-06,48.4645,60.2008,39.9409,2,34.6959,0.904744,3,1,2,60.2008,14.9469,-0.580045,482.846,0,35.9127,22.8067,40.8681,6.88985,2404,0,28.4645,49.4301,40.8681,-34.7045,0.248284,2.73423,-0.0250044,-0.00620817,-0.0169746
"P_shell(1,0,0)/11",od1,121,0.090909,0,0,4,39.941,41.0033,routeH_stable,8.23019e-11,7.16754e-06,107.515,101.192,39.9409,1,34.6959,0.904744,4,1,2,101.192,-16.1071,-0.580151,482.846,0,-8.63278,-33.447,-27.0886,6.88967,2404,0,15.1822,-45.6063,-27.0886,41.2981,-0.159174,1.68178,-0.04203,0.00669006,0.0112512
"P_shell(1,0,0)/11",od1,121,0.090909,0,0,5,61.407,64.5193,routeH_stable,7.6963e-10,6.70258e-05,515.676,498.712,61.4069,3,62.0973,0.999543,5,1,1,498.712,503.398,503.398,253409,0,-323.174,778.921,453.586,453.586,205740,0,-371.519,728.621,453.586,468.831,1.0094,0.901049,-0.0646657,-0.0652733,-0.0588144
"P_shell(1,0,0)/11",od1,121,0.090909,0,0,6,156.599,183.153,routeH_stable,1.54705e-11,1.3473e-06,-1059.4,-585.964,156.599,7,191.549,0.710862,6,1,2,-585.964,-725.938,-529.022,637281,0,-15.7934,-962.654,-712.705,-289.358,525902,0,-57.8745,-930.982,-712.705,154.93,1.23888,0.981771,0.00798516,0.00989264,0.00971231
"P_shell(1,0,0)/11",od1,121,0.090909,0,0,7,156.599,183.153,routeH_stable,2.97208e-13,2.58834e-08,-146.838,-149.182,156.599,8,191.549,0.710862,7,1,2,-149.182,-332.106,-529.022,637281,0,119.606,-482.676,133.988,-289.36,525902,0,461.914,24.6796,133.988,-289.944,2.22618,-0.40345,0.00203296,0.00452573,-0.00182591
"P_shell(1,0,0)/11",od1,121,0.090909,0,0,8,165.743,191.049,routeH_stable,1.0474e-12,9.12163e-08,290.158,-240.68,165.743,6,183.901,0.999109,8,1,1,-240.68,-228.233,-228.233,52090.4,0,-613.527,-99.8019,-376.049,-376.049,141413,0,-518.813,-328.46,-376.049,-663.294,0.948283,1.64765,0.00355828,0.00337426,0.0055596
"P_shell(1,0,0)/11",od1,121,0.090909,0,0,9,231.21,256.572,routeS,2.02434e-12,1.76296e-07,847.777,595.196,231.21,9,255.649,1,9,1,1,595.196,595.196,595.196,354258,78907.7,-426.208,935.664,725.569,725.569,526450,108073,553.868,782.802,725.569,1255.76,0.999999,1.21904,-0.00455347,-0.00455347,-0.00555087
"P_shell(1,0,0)/11",od1,121,0.090909,0,0,10,232.036,256.572,routeS,5.86152e-13,5.1047e-08,459.453,459.447,232.036,10,256.251,0.999856,10,1,2,459.447,459.148,519.776,546334,78907.7,-252.51,650.563,776.139,2100.5,1.25107e+07,108073,770.137,778.14,776.139,3450.68,0.999348,1.69039,-0.00349845,-0.00349617,-0.00590989
"P_shell(1,0,0)/11",od1,121,0.090909,0,0,11,232.036,256.572,routeS,1.83021e-13,1.5939e-08,256.736,581.254,232.036,11,256.251,0.999856,11,1,2,581.254,579.239,518.61,546334,78144.9,-115.097,856.488,3450.84,2126.48,1.25107e+07,107028,3274.14,3509.73,3450.84,190.479,0.996533,5.95754,-0.00442594,-0.0044106,-0.0262763
"P_shell(1,0,0)/11",od1,121,0.090909,0,0,12,451.357,471.939,routeS,2.62192e-14,2.28339e-09,358.63,388.894,451.357,12,457.603,0.999162,12,1,1,388.894,375.495,375.495,140996,0,-53.9706,518.65,-32.9468,-32.9468,1085.49,0,-130.839,-0.316129,-32.9468,-22.6108,0.965545,-0.0877423,-0.000928589,-0.000896594,7.86693e-05
"P_shell(1,0,0)/11",od1,121,0.090909,0,0,13,532.329,545.264,routeS,1.51308e-14,1.31772e-09,633.983,507.338,532.329,13,543.598,0.996258,13,1,2,507.338,486.023,557.474,632084,0,-453.768,799.287,-1824.26,-54.2651,6.29318e+06,0,-3492.31,-1268.25,-1824.26,1721.87,0.957987,-3.75345,-0.000858442,-0.000822376,0.00308675
"P_shell(1,0,0)/11",od1,121,0.090909,0,0,14,532.329,545.264,routeS,1.23679e-14,1.0771e-09,573.186,633.977,532.329,14,543.598,0.996258,14,1,2,633.977,629.178,557.727,632084,0,-387.573,968.096,1721.99,-48.0096,6.29318e+06,0,-567.749,2485.23,1721.99,-1814.66,0.992431,2.73688,-0.00107272,-0.0010646,-0.00291369
"P_shell(1,0,0)/11",od1,121,0.090909,0,0,15,767.76,778.801,routeS,1.02817e-14,8.95416e-10,-1732.13,-1676.96,767.76,15,790.542,0.999409,15,1,1,-1676.96,-1680.69,-1680.69,2.82474e+06,0,-75.8806,-2215.63,-3855.11,-3855.11,1.48619e+07,0,-3116.02,-4101.48,-3855.11,-3907.22,1.00223,2.29376,0.00134166,0.00134465,0.0030843
"P_shell(2,0,0)/11",od1,242,0.181818,0,0,1,-24.9895,88.9641,routeH_unstable,1.92932e-11,1.68021e-06,-247.221,-284.017,-24.9896,2,62.493,0.593789,1,1,2,-284.017,-15.9386,-24.2195,1310.31,0,177.923,-44.4404,109.903,38.0171,13225.8,0,180.833,99.1861,109.903,-34.2669,0.0561186,-6.89539,0.0363624,0.00204061,-0.0140708
"P_shell(2,0,0)/11",od1,242,0.181818,0,0,2,-24.9895,88.9641,routeH_unstable,1.91768e-11,1.67008e-06,-246.473,-237.228,-24.9896,1,62.493,0.593789,2,1,2,-237.228,-32.5004,-24.2195,1310.31,0,3.31958,-80.5591,-33.8689,38.0173,13225.8,0,142.055,-105.436,-33.8689,113.677,0.137,1.04211,0.030372,0.00416098,0.00433619
"P_shell(2,0,0)/11",od1,242,0.181818,0,0,3,90.1855,178.631,routeH_stable,4.33806e-12,3.77795e-07,543.275,585.998,90.1854,2,62.493,0.40458,1,0,2,-284.017,-15.9386,-24.2195,1310.31,0,177.923,-44.4404,109.903,38.0171,13225.8,0,180.833,99.1861,109.903,-34.2669,0.0561186,-6.89539,0.0363624,0.00204061,-0.0140708
"P_shell(2,0,0)/11",od1,242,0.181818,0,0,4,90.1855,178.631,routeH_stable,6.4459e-12,5.61363e-07,662.238,664.39,90.1854,1,62.493,0.40458,2,0,2,-237.228,-32.5004,-24.2195,1310.31,0,3.31958,-80.5591,-33.8689,38.0173,13225.8,0,142.055,-105.436,-33.8689,113.677,0.137,1.04211,0.030372,0.00416098,0.00433619
"P_shell(2,0,0)/11",od1,242,0.181818,0,0,5,106.769,113.435,routeH_stable,4.9671e-10,4.32577e-05,1479.1,1396.38,106.769,3,110.527,0.996824,5,1,1,1396.38,1487.79,1487.79,2.21352e+06,0,-494.518,2148.56,1373.88,1373.88,1.88754e+06,0,-579.66,2025.06,1373.88,1439.17,1.06546,0.923435,-0.0571532,-0.0608947,-0.0562323
"P_shell(2,0,0)/11",od1,242,0.181818,0,0,6,152.034,182.128,routeH_stable,6.38527e-13,5.56083e-08,-213.704,-1555.16,152.034,4,160.21,0.598546,6,1,2,-1555.16,-109.84,183.146,238769,0,-319.777,-39.861,-606.689,930.745,6.46006e+06,0,-316.462,-703.431,-606.689,2372.46,0.0706295,5.52339,0.0302947,0.0021397,0.0118184
"P_shell(2,0,0)/11",od1,242,0.181818,0,0,7,152.034,182.128,routeH_stable,5.54217e-11,4.82658e-06,-1990.96,-226.161,152.034,5,160.21,0.598546,7,1,2,-226.161,476.134,183.148,238769,0,-178.675,694.404,2468.19,930.761,6.46006e+06,0,1919.45,2651.11,2468.19,-869.133,-2.10529,5.18382,0.00440567,-0.00927518,-0.0480809
"P_shell(2,0,0)/11",od1,242,0.181818,0,0,8,196.877,215.134,routeS,5.92217e-14,5.15752e-09,85.628,-439.554,196.877,8,211.717,0.996405,8,1,1,-439.554,-474.23,-474.23,224894,0,-2126.28,76.4519,-815.241,-815.241,664618,0,-2243.44,-339.174,-815.241,-364.362,1.07889,1.71908,0.00490312,0.00528992,0.00909382
"P_shell(2,0,0)/11",od1,242,0.181818,0,0,9,242.54,264.551,routeS,2.797e-12,2.43586e-07,1041.08,1017.24,242.54,9,264.813,1,9,1,1,1017.24,1017.24,1017.24,1.03477e+06,65131.7,-879.977,1649.64,1166.88,1166.88,1.3616e+06,90298.6,85.0397,1527.49,1166.88,1371.31,0.999999,1.1471,-0.00725294,-0.00725294,-0.00831987
"P_shell(2,0,0)/11",od1,242,0.181818,0,0,10,247.847,267.575,routeS,1.93721e-12,1.68708e-07,886.855,886.956,247.847,11,268.938,0.998617,10,1,2,886.956,900.139,892.209,1.5922e+06,65125.3,-268.745,1318.83,3707.12,2477.71,1.53004e+07,90289.7,2888.97,3979.84,3707.12,940.988,1.01486,4.11839,-0.00613149,-0.00622263,-0.0256272
"P_shell(2,0,0)/11",od1,242,0.181818,0,0,11,247.847,267.575,routeS,1.27728e-12,1.11236e-07,720.124,907.425,247.847,10,268.938,0.998617,11,1,2,907.425,884.28,892.21,1.5922e+06,65131.7,-355.946,1268.62,1248.06,2477.47,1.53004e+07,90298.6,703.252,1429.66,1248.06,3706.57,0.974494,1.41138,-0.00627299,-0.00611299,-0.00862777
"P_shell(2,0,0)/11",od1,242,0.181818,0,0,12,466.007,480.59,routeS,2.98049e-13,2.59566e-08,1290.56,1309.21,466.007,12,470.799,0.99911,12,1,1,1309.21,1253.75,1253.75,1.5719e+06,0,-39.805,1684.94,727.757,727.757,529630,0,-293.205,1068.08,727.757,742.78,0.957643,0.580463,-0.0029533,-0.00282821,-0.00164167
"P_shell(2,0,0)/11",od1,242,0.181818,0,0,13,527.262,540.661,routeS,3.58541e-14,3.12247e-09,1032.01,715.512,527.262,14,538.575,0.996086,13,1,2,715.512,1027.02,840.314,1.48181e+06,0,-519.398,1542.5,2229.44,265.042,7.86286e+06,0,-641.423,3186.4,2229.44,-1696.2,1.43537,2.17078,-0.00123337,-0.00177034,-0.00384303
"P_shell(2,0,0)/11",od1,242,0.181818,0,0,14,527.262,540.661,routeS,2.0067e-14,1.7476e-09,772.068,1032.04,527.262,13,538.575,0.996086,14,1,2,1032.04,653.474,840.184,1.48181e+06,0,-1274.38,1296.09,-1700.72,263.686,7.86286e+06,0,-4385.68,-805.727,-1700.72,2229.98,0.633187,-2.60258,-0.00177899,-0.00112643,0.00293163
"P_shell(2,0,0)/11",od1,242,0.181818,0,0,15,767.406,772.15,routeS,1.00575e-13,8.75891e-09,-5360.68,-5319.27,767.406,15,786.409,0.999412,15,1,1,-5319.27,-5320.55,-5320.55,2.83083e+07,0,-317.526,-6988.23,-8013.7,-8013.7,6.42193e+07,0,-3905.22,-9383.19,-8013.7,-8055.71,1.00024,1.50618,0.00430056,0.0043016,0.00647898
"P_shell(2,1,0)/11",od1,253,0.181818,0.090909,0,1,11.6094,82.1445,routeH_stable,3.83324e-09,0.000333831,-2967.23,-2803.37,11.6091,1,68.7643,0.724449,1,1,1,-2803.37,-4267.27,-4267.27,1.82096e+07,0.00836701,-6875.06,-3398.01,2344.38,2344.38,5.49612e+06,0.00437872,-3482.82,4286.78,2344.38,2423.55,1.52219,-0.549387,0.296431,0.451226,-0.247897
"P_shell(2,1,0)/11",od1,253,0.181818,0.090909,0,2,53.5318,85.6109,routeH_stable,1.04412e-05,0.909307,106083,109682,53.5318,2,70.9292,0.889944,2,1,1,109682,39292,39292,1.54386e+09,0.00836701,23487.2,44560.3,36591.9,36591.9,1.33897e+09,0.00437872,21302.4,41688.4,36591.9,35782.2,0.358237,0.93128,-10.9007,-3.90503,-3.63668
"P_shell(2,1,0)/11",od1,253,0.181818,0.090909,0,3,109.796,185.646,routeH_stable,3.90133e-10,3.3976e-05,-5410.42,-20509.6,109.796,6,196.185,0.589132,3,1,1,-20509.6,11912,11912,1.41895e+08,0.0268555,10004.5,12547.8,29198.7,29198.7,8.52567e+08,0.0225433,18937.5,32619.2,29198.7,29343.7,-0.580799,2.45121,0.266438,-0.154747,-0.379317
"P_shell(2,1,0)/11",od1,253,0.181818,0.090909,0,4,110.17,118.853,routeH_stable,1.33802e-08,0.00116526,8510.71,8316.52,110.17,3,118.061,0.899008,4,1,1,8316.52,-45070.1,-45070.1,2.03132e+09,0,-40748.6,-46510.6,-35829.1,-35829.1,1.28373e+09,0,-34773.8,-36180.9,-35829.1,-36240.4,-5.41935,0.794964,-0.298333,1.61677,1.28528
"P_shell(2,1,0)/11",od1,253,0.181818,0.090909,0,5,121.481,181.881,routeH_stable,3.33847e-07,0.0290742,154259,167735,121.481,5,169.184,0.607138,5,1,1,167735,118022,118022,1.39291e+10,0.000466645,94053.2,126011,82796.2,82796.2,6.85521e+09,0.00441512,68907.7,87425.7,82796.2,81693.1,0.703617,0.701534,-2.93005,-2.06164,-1.44631
"P_shell(2,1,0)/11",od1,253,0.181818,0.090909,0,6,151.126,181.334,routeH_stable,2.03524e-09,0.000177246,11998.1,11985.5,151.126,4,165.208,0.823098,6,1,1,11985.5,10980.6,10980.6,1.20574e+08,0.000466645,10379.8,11180.9,14616.1,14616.1,2.13629e+08,0.00441512,13137.4,15109,14616.1,14332.4,0.916156,1.33108,-0.219567,-0.201158,-0.267757
"P_shell(2,1,0)/11",od1,253,0.181818,0.090909,0,7,171.764,193.998,routeH_stable,1.54212e-07,0.0134301,113314,110457,171.764,7,197.003,0.647294,7,1,1,110457,72156.1,72156.1,5.20651e+09,0.0268555,7815.04,93603.1,68718.7,68718.7,4.72226e+09,0.0225433,6618.77,89418.7,68718.7,75788.6,0.653253,0.952362,-1.42304,-0.929605,-0.885321
"P_shell(2,1,0)/11",od1,253,0.181818,0.090909,0,8,207.579,226.396,routeS,1.34492e-07,0.0117127,169841,170247,207.579,8,237.27,0.778061,8,1,1,170247,305978,305978,9.36225e+10,0,192349,343854,357627,357627,1.27897e+11,0,220857,403218,357627,340498,1.79725,1.1688,-1.51204,-2.71752,-3.17624
"P_shell(2,1,0)/11",od1,253,0.181818,0.090909,0,9,228.914,254.208,routeS,3.2311e-08,0.00281391,-106732,-106836,228.914,9,253.095,0.963479,9,1,1,-106836,-55488.2,-55488.2,3.07894e+09,0,-82621.5,-46443.8,-83655.5,-83655.5,6.99824e+09,0,-110991,-74543.8,-83655.5,-71222.4,0.519376,1.50763,0.833914,0.433115,0.652976
"P_shell(2,1,0)/11",od1,253,0.181818,0.090909,0,10,250.847,269.493,routeS,3.58575e-10,3.12277e-05,-12198.1,-12223.6,250.847,10,271.343,0.999237,10,1,1,-12223.6,-12248.7,-12248.7,1.5003e+08,0,-13181,-11937.9,-178.001,-178.001,31684.5,0,-5281.79,1523.26,-178.001,-139.544,1.00205,0.0145323,0.0830102,0.0831807,0.00120881
"P_shell(2,1,0)/11",od1,253,0.181818,0.090909,0,11,267.518,281.293,routeS,1.14391e-08,0.000996212,74408.5,74512.5,267.518,11,286.399,0.996862,11,1,1,74512.5,71975.1,71975.1,5.18041e+09,0,70428.8,72490.5,133716,133716,1.788e+10,0,115927,139646,133716,133971,0.965946,1.85781,-0.454208,-0.438741,-0.815099
"P_shell(2,1,0)/11",od1,253,0.181818,0.090909,0,12,464.374,480.052,routeS,8.76423e-09,0.000763262,219739,220427,464.374,12,469.396,0.999079,12,1,1,220427,216136,216136,4.67149e+10,0,151808,237579,292794,292794,8.57285e+10,0,201566,323204,292794,291849,0.980533,1.35467,-0.500214,-0.490477,-0.664436
"P_shell(2,1,0)/11",od1,253,0.181818,0.090909,0,13,525.544,539.053,routeS,9.68695e-13,8.43621e-08,-5455.99,-5387.82,525.544,13,536.901,0.996001,13,1,1,-5387.82,-6489.36,-6489.36,4.21118e+07,0,-4638.54,-7106.3,19220.2,19220.2,3.69415e+08,0,7450.51,23143.4,19220.2,19241.2,1.20445,-2.9618,0.00934534,0.011256,-0.033338
"P_shell(2,1,0)/11",od1,253,0.181818,0.090909,0,14,531.583,539.876,routeS,1.51891e-11,1.32279e-06,-21843.2,-21612.1,531.583,14,542.8,0.995877,14,1,1,-21612.1,-20226.8,-20226.8,4.09123e+08,0,-177922,32338.3,39190.6,39190.6,1.5359e+09,0,-153601,103454,39190.6,39394.1,0.9359,-1.93756,0.0366765,0.0343255,-0.0665077
"P_shell(2,1,0)/11",od1,253,0.181818,0.090909,0,15,768.113,771.825,routeS,1.46864e-09,0.000127901,648930,648486,768.113,15,786.715,0.999334,15,1,1,648486,649815,649815,4.22259e+11,0,469462,709932,726377,726377,5.27624e+11,0,503093,800805,726377,726815,1.00205,1.11782,-0.523885,-0.524959,-0.586811
"C1[100,125)",od1,1325,0.909091,0.909091,0.454545,2,102.359,117.72,routeH_stable,1.01044e-06,0.0879976,72442.5,72431.7,102.359,2,115.451,0.993437,2,1,1,72431.7,69136.2,69136.2,4.77981e+09,7.19758e-09,69960.2,68861.5,54007.9,54007.9,2.91686e+09,0.000192485,58212.9,52606.3,54007.9,53991.7,0.954501,0.781182,-2.71706,-2.59344,-2.02595
"C1[100,125)",od1,137,0.090909,0.090909,0.454545,2,102.359,117.72,routeH_stable,1.01044e-06,0.0879976,72442.5,72431.7,102.359,2,115.451,0.993437,2,1,1,72431.7,69136.2,69136.2,4.77981e+09,1.06422e-09,69960.2,68861.5,54007.9,54007.9,2.91686e+09,0.000192486,58212.9,52606.3,54007.9,53991.8,0.954501,0.781182,-2.71706,-2.59344,-2.02595
"C1[100,125)",od1,138,0.090909,0.090909,0.545455,2,102.359,117.72,routeH_stable,1.01044e-06,0.0879976,72442.5,72431.7,102.359,2,115.451,0.993437,2,1,1,72431.7,69136.2,69136.2,4.77981e+09,1.64258e-09,69960.2,68861.5,54007.9,54007.9,2.91686e+09,0.00019248,58212.9,52606.3,54007.9,53991.7,0.954501,0.781182,-2.71706,-2.59344,-2.02595
"C1[100,125)",od1,1326,0.909091,0.909091,0.545455,2,102.359,117.72,routeH_stable,1.01044e-06,0.0879976,72442.5,72431.7,102.359,2,115.451,0.993437,2,1,1,72431.7,69136.2,69136.2,4.77981e+09,2.16412e-09,69960.2,68861.5,54007.9,54007.9,2.91686e+09,0.000192485,58212.9,52606.3,54007.9,53991.8,0.954501,0.781182,-2.71706,-2.59344,-2.02595
"C1[100,125)",od1,1227,0.909091,0.090909,0.545455,2,102.359,117.72,routeH_stable,9.94983e-07,0.0866514,-71886.4,-71908.1,102.359,2,115.451,0.993437,2,1,1,-71908.1,-68606.7,-68606.7,4.70688e+09,0.00215194,-69592.5,-68278.2,-53645,-53645,2.87779e+09,0.00205968,-57729.4,-52283.6,-53645,-53595.8,0.954089,0.781921,2.69742,2.57358,2.01234
"C1[100,125)",od1,1226,0.909091,0.090909,0.454545,2,102.359,117.72,routeH_stable,9.94983e-07,0.0866514,-71886.4,-71908.1,102.359,2,115.451,0.993437,2,1,1,-71908.1,-68606.7,-68606.7,4.70688e+09,0.00215194,-69592.5,-68278.2,-53645,-53645,2.87779e+09,0.00205969,-57729.4,-52283.6,-53645,-53595.8,0.954089,0.781921,2.69742,2.57358,2.01234
"C1[100,125)",od1,236,0.090909,0.909091,0.454545,2,102.359,117.72,routeH_stable,9.94983e-07,0.0866514,-71886.4,-71908.1,102.359,2,115.451,0.993437,2,1,1,-71908.1,-68606.7,-68606.7,4.70688e+09,0.00215194,-69592.5,-68278.2,-53645,-53645,2.87779e+09,0.00205967,-57729.4,-52283.6,-53645,-53595.8,0.954089,0.781921,2.69742,2.57358,2.01234
"C1[100,125)",od1,237,0.090909,0.909091,0.545455,2,102.359,117.72,routeH_stable,9.94983e-07,0.0866514,-71886.4,-71908.1,102.359,2,115.451,0.993437,2,1,1,-71908.1,-68606.7,-68606.7,4.70688e+09,0.00215194,-69592.5,-68278.2,-53645,-53645,2.87779e+09,0.00205969,-57729.4,-52283.6,-53645,-53595.8,0.954089,0.781921,2.69742,2.57358,2.01234
"C1[100,125)",od1,1314,0.909091,0.818182,0.454545,3,105.267,120.036,routeH_stable,8.27404e-07,0.0720573,68374.6,69973.7,105.267,2,118.121,0.885532,3,1,1,69973.7,64583.5,64583.5,4.17103e+09,0,65013.8,64440.1,46692.1,46692.1,2.18016e+09,0,52181.2,44862.5,46692.1,44959.3,0.922969,0.722973,-2.50755,-2.31439,-1.67324
"C1[100,125)",od1,1315,0.909091,0.818182,0.545455,3,105.267,120.036,routeH_stable,8.27404e-07,0.0720573,68374.6,69973.7,105.267,2,118.121,0.885532,3,1,1,69973.7,64583.6,64583.6,4.17103e+09,0,65013.8,64440.1,46692.1,46692.1,2.18016e+09,0,52181.2,44862.5,46692.1,44959.3,0.922969,0.722973,-2.50755,-2.31439,-1.67324
C2_routeS~250,od1,341,0.181818,0.818182,0,9,259.794,261.443,routeS,2.85311e-07,0.0248473,-389050,-389891,259.794,10,291.965,0.972447,9,1,1,-389891,-439441,-439441,1.93108e+11,0,-253250,-501504,-453081,-453081,2.05283e+11,0,-256519,-518602,-453081,-451188,1.12709,1.03104,2.28693,2.57757,2.65758
C2_routeS~250,od1,1111,0.818182,0.181818,0,9,259.794,261.443,routeS,2.85311e-07,0.0248473,-389050,-389891,259.794,10,291.965,0.972447,9,1,1,-389891,-439441,-439441,1.93108e+11,0,-253250,-501504,-453081,-453081,2.05283e+11,0,-256519,-518602,-453081,-451188,1.12709,1.03104,2.28693,2.57757,2.65758
C2_routeS~250,od1,1188,0.818182,0.818182,0,9,259.794,261.443,routeS,2.79735e-07,0.0243617,385229,385598,259.794,10,291.965,0.972447,9,1,1,385598,436244,436244,1.90309e+11,0,252040,497645,448306,448306,2.00978e+11,0,253731,513165,448306,446766,1.13134,1.02765,-2.26175,-2.55882,-2.62957
C2_routeS~250,od1,264,0.181818,0.181818,0,9,259.794,261.443,routeS,2.79735e-07,0.0243617,385229,385598,259.794,10,291.965,0.972447,9,1,1,385598,436244,436244,1.90309e+11,0,252040,497645,448306,448306,2.00978e+11,0,253731,513165,448306,446766,1.13134,1.02765,-2.26175,-2.55882,-2.62957
C2_routeS~250,od1,342,0.181818,0.818182,0.090909,9,248.806,256.036,routeS,1.20731e-07,0.0105143,-240658,-242266,248.806,9,274.936,0.932083,9,1,1,-242266,-167945,-167945,2.82056e+10,0,-113549,-186077,-223145,-223145,4.97936e+10,0,-141111,-250489,-223145,-220907,0.693226,1.32868,1.60251,1.1109,1.47602
C3_R,od1,665,0.454545,0.454545,0.454545,2,-72.6215,88.9641,routeH_unstable,1.98948e-06,0.173261,-79387.6,-79587.6,-72.6212,2,78.1152,0.999934,2,1,2,-79587.6,-80048.9,12181.3,6.55674e+09,41703.7,-72876.3,-82439.7,-39105.2,-418.866,1.52939e+09,20907.7,-35323.8,-40365.7,-39105.2,-38858.7,1.0058,0.488517,6.52144,6.55924,3.2043
C3_R,od1,665,0.454545,0.454545,0.454545,1,-76.1211,88.9641,routeH_unstable,7.19264e-07,0.0626395,47733.9,56259.4,-76.1209,1,74.962,1,1,1,1,56259.4,56259.4,56259.4,3.16512e+09,41703.7,44624.3,60137.8,35236.7,35236.7,1.24162e+09,20907.7,24922.4,38674.8,35236.7,30747.3,1,0.626325,-5.00591,-5.00591,-3.13533
C3_R,od1,665,0.454545,0.454545,0.454545,6,127.508,141.58,routeH_stable,3.61702e-07,0.0315,72500.3,72439.5,127.508,5,139.976,0.999213,6,1,2,72439.5,-24638.2,10219.3,5.62359e+09,25651.4,-23765.5,-24929.1,-19745.1,8531.43,3.71883e+09,22916.8,-19434.2,-19848.8,-19745.1,-22736.9,-0.340121,0.801404,-1.84859,0.628744,0.503878
C3_R,od1,665,0.454545,0.454545,0.454545,3,-72.6215,88.9641,routeH_unstable,1.43476e-07,0.0124951,21319.3,12818.6,-72.6212,3,78.1152,0.999934,3,1,2,12818.6,12203.1,-80027.1,6.55674e+09,641.066,12220.3,12197.3,-409.725,-39096.1,1.52939e+09,321.406,2555.59,-1398.16,-409.722,4121.73,0.951984,-0.0335755,-1.05036,-0.999925,0.033573
C3_R,od1,665,0.454545,0.454545,0.454545,4,126.334,140.437,routeH_stable,1.3811e-07,0.0120278,-43279.4,-47553.2,126.334,4,138.743,0.999341,4,1,1,-47553.2,-46323.9,-46323.9,2.1459e+09,25651.4,-45898.6,-46465.6,-38510.8,-38510.8,1.48309e+09,22916.8,-38519.6,-38507.9,-38510.8,-35692.1,0.974148,0.831339,1.23517,1.20324,1.0003
