# kernel_quantum_allmodes.py: frequency-domain two-pole integrals with Bose factors inside vs the classical kernels x n(n+1),
# every production mode at 300 K (grouped by distinct (omega, Gamma)); r = ratio, corr = r - 1; eta_sum = summed eta
# contribution (Pa s) of the modes in the group.
omega_cm1,Gamma_hwhm_cm1,n_modes,eta_sum,r_energy,r_stress,corr_energy,corr_stress,hbar_omega_over_kT,Gamma_over_omega
34.5263,2.78327,12,1.1421317e-07,1.0000003,1.0000579,2.6144048e-07,5.7940915e-05,0.16558547,0.08061304
47.6022,0.963592,12,5.2614156e-09,1,1.0000071,2.6064878e-08,7.1195174e-06,0.22829648,0.020242594
52.6519,2.78327,8,1.5135e-05,1.0000004,1.0000589,3.6865258e-07,5.8860795e-05,0.25251445,0.05286172
53.6773,2.78327,16,3.7181634e-05,1.0000004,1.0000589,3.760037e-07,5.8890312e-05,0.25743219,0.0518519
55.6773,0.963592,12,2.060742e-07,1,1.0000071,3.2837864e-08,7.1271794e-06,0.26702404,0.01730673
60.6736,2.78327,24,2.7463539e-07,1.0000004,1.0000591,4.298681e-07,5.9062706e-05,0.29098591,0.045872834
62.4442,2.78327,12,3.8164807e-07,1.0000004,1.0000591,4.4452515e-07,5.9100058e-05,0.29947757,0.044572114
63.1404,0.963592,6,2.1389806e-09,1,1.0000071,4.0028581e-08,7.1338862e-06,0.30281649,0.015261101
63.3616,2.78327,16,2.4134558e-07,1.0000005,1.0000591,4.5228215e-07,5.9118633e-05,0.30387735,0.043926763
68.5786,2.78327,24,3.1885131e-09,1.0000005,1.0000592,4.9850419e-07,5.9215862e-05,0.32889768,0.04058511
71.358,2.78327,24,8.6355377e-08,1.0000005,1.0000593,5.2459283e-07,5.9262924e-05,0.34222747,0.039004316
74.7771,2.78327,24,2.1544051e-07,1.0000006,1.0000593,5.5807873e-07,5.9317372e-05,0.35862521,0.037220887
79.0194,0.985901,24,2.0769994e-06,1.0000001,1.0000075,6.1195333e-08,7.483136e-06,0.37897095,0.012476696
79.4928,0.987587,24,8.526794e-07,1.0000001,1.0000075,6.2054648e-08,7.5092174e-06,0.38124134,0.012423603
80.9039,0.992612,12,6.282948e-09,1.0000001,1.0000076,6.466674e-08,7.5872407e-06,0.38800887,0.012269025
81.3702,2.78327,24,5.8079957e-08,1.0000006,1.0000594,6.2697687e-07,5.9414371e-05,0.39024521,0.034205028
82.3663,0.99782,12,3.4483155e-07,1.0000001,1.0000077,6.745513e-08,7.6685641e-06,0.39502243,0.012114421
83.589,1.00217,12,2.030142e-06,1.0000001,1.0000077,6.9850352e-08,7.7368498e-06,0.4008864,0.011989257
86.6697,1.01314,24,5.025124e-09,1.0000001,1.0000079,7.6153151e-08,7.9105068e-06,0.4156612,0.011689668
88.1462,1.0184,12,6.1892737e-07,1.0000001,1.000008,7.9312519e-08,7.994514e-06,0.42274238,0.011553533
88.212,2.78327,24,6.86809e-08,1.0000007,1.0000595,7.0447552e-07,5.950758e-05,0.42305795,0.031552056
88.9641,11.2969,3,1.2440993e-06,1.0000201,1.0009247,2.0055407e-05,0.00092470977,0.42666497,0.12698268
89.5988,1.02357,24,1.5009095e-06,1.0000001,1.0000081,8.2509346e-08,8.0775552e-06,0.42970894,0.011423925
90.1765,1.02563,24,7.7189526e-07,1.0000001,1.0000081,8.3806346e-08,8.1107718e-06,0.43247954,0.011373584
90.6144,2.78327,12,3.8332808e-08,1.0000007,1.0000595,7.3313226e-07,5.953913e-05,0.43457968,0.030715537
91.1313,1.02903,24,1.9630658e-06,1.0000001,1.0000082,8.5980678e-08,8.1657593e-06,0.43705869,0.01129173
91.6045,1.03072,24,1.4794761e-06,1.0000001,1.0000082,8.7073803e-08,8.1931648e-06,0.43932812,0.011251849
93.4128,1.03716,24,1.5683597e-08,1.0000001,1.0000083,9.1338423e-08,8.298063e-06,0.44800059,0.011102975
94.5997,1.0506,24,3.309821e-06,1.0000001,1.0000085,9.5973999e-08,8.5159355e-06,0.45369287,0.011105743
96.7638,1.07715,8,6.451226e-07,1.0000001,1.000009,1.0529366e-07,8.9545397e-06,0.46407173,0.011131746
97.9511,1.09172,24,1.2673224e-06,1.0000001,1.0000092,1.1068485e-07,9.2e-06,0.46976593,0.011145561
98.2325,1.09517,48,2.9631824e-06,1.0000001,1.0000093,1.1199145e-07,9.2586174e-06,0.4711155,0.011148754
100.025,1.11717,12,2.5712401e-06,1.0000001,1.0000096,1.2059112e-07,9.636868e-06,0.47971219,0.011168908
100.049,1.11746,16,1.556895e-06,1.0000001,1.0000096,1.2070846e-07,9.6419062e-06,0.47982729,0.011169127
100.885,1.12772,12,1.9660139e-08,1.0000001,1.0000098,1.2488585e-07,9.8209955e-06,0.48383668,0.011178272
101.192,1.13149,24,3.6129432e-06,1.0000001,1.0000099,1.2644709e-07,9.8872231e-06,0.48530903,0.011181615
101.355,1.13349,24,4.3634942e-09,1.0000001,1.0000099,1.2728152e-07,9.9224494e-06,0.48609077,0.011183365
102.141,1.14313,48,4.6385586e-06,1.0000001,1.0000101,1.313618e-07,1.0093137e-05,0.48986036,0.011191686
102.904,1.1525,24,6.4647062e-07,1.0000001,1.0000103,1.3541798e-07,1.0260466e-05,0.49351965,0.011199759
103.458,1.15929,24,4.5490515e-06,1.0000001,1.0000104,1.384176e-07,1.03826e-05,0.49617659,0.011205417
103.57,1.16067,24,4.5917888e-06,1.0000001,1.0000104,1.3903181e-07,1.0407512e-05,0.49671374,0.011206624
104.226,1.16872,48,5.5672768e-06,1.0000001,1.0000106,1.4266171e-07,1.0553442e-05,0.49985986,0.011213325
104.27,1.16926,12,6.8169606e-07,1.0000001,1.0000106,1.4290769e-07,1.0563269e-05,0.50007088,0.011213772
104.304,1.16967,24,2.011964e-08,1.0000001,1.0000106,1.4309612e-07,1.0570733e-05,0.50023394,0.011214047
104.982,1.17799,24,3.7781764e-06,1.0000001,1.0000107,1.4693e-07,1.0722775e-05,0.50348558,0.011220876
105.655,1.18625,24,2.031226e-06,1.0000002,1.0000109,1.5081102e-07,1.0874817e-05,0.50671324,0.01122758
106.517,1.19682,24,9.0798941e-07,1.0000002,1.0000111,1.5589008e-07,1.1070976e-05,0.51084732,0.011235953
106.67,1.1987,24,4.6791172e-07,1.0000002,1.0000111,1.5680577e-07,1.1106052e-05,0.5115811,0.011237461
106.923,1.20181,24,1.3846774e-06,1.0000002,1.0000112,1.5832907e-07,1.1164201e-05,0.51279447,0.011239958
107.121,1.20424,24,3.9605896e-06,1.0000002,1.0000112,1.5952778e-07,1.1209745e-05,0.51374406,0.011241867
107.599,1.2101,24,5.4050181e-08,1.0000002,1.0000113,1.6244769e-07,1.1319965e-05,0.51603651,0.011246387
107.856,1.21326,24,3.6681144e-06,1.0000002,1.0000114,1.6403656e-07,1.1379629e-05,0.51726906,0.011248887
108.102,1.21627,48,1.0159274e-05,1.0000002,1.0000114,1.6556404e-07,1.1436611e-05,0.51844886,0.011251133
108.228,1.21782,24,5.240654e-06,1.0000002,1.0000115,1.6635284e-07,1.146601e-05,0.51905315,0.011252356
108.413,1.22009,24,5.6297962e-06,1.0000002,1.0000115,1.6751442e-07,1.1509136e-05,0.51994039,0.011254093
108.968,1.2269,24,3.610437e-06,1.0000002,1.0000116,1.7103537e-07,1.1639009e-05,0.52260213,0.011259269
109.36,1.23171,48,5.0897576e-06,1.0000002,1.0000117,1.7355521e-07,1.1731189e-05,0.52448213,0.011262893
109.705,1.23594,24,2.0259136e-06,1.0000002,1.0000118,1.7579471e-07,1.1812562e-05,0.52613672,0.011266032
110.278,1.24298,48,7.8471676e-06,1.0000002,1.0000119,1.7956599e-07,1.1948628e-05,0.52888479,0.011271332
110.441,1.24498,24,1.1427473e-06,1.0000002,1.000012,1.8064889e-07,1.1987428e-05,0.52966652,0.011272806
110.485,1.24551,12,3.1342618e-08,1.0000002,1.000012,1.8093905e-07,1.1997723e-05,0.52987754,0.011273114
110.546,1.24627,6,1.379489e-09,1.0000002,1.000012,1.8134954e-07,1.2012489e-05,0.5301701,0.011273768
110.844,1.24992,12,2.9110149e-06,1.0000002,1.0000121,1.8334566e-07,1.2083543e-05,0.53159928,0.011276388
111.037,1.25229,24,1.639744e-09,1.0000002,1.0000121,1.8464899e-07,1.2129793e-05,0.53252489,0.011278133
111.083,1.25286,24,1.490588e-07,1.0000002,1.0000121,1.8496222e-07,1.2140929e-05,0.53274551,0.011278593
111.443,1.25727,24,6.156512e-09,1.0000002,1.0000122,1.8741148e-07,1.2227273e-05,0.53447204,0.011281731
111.675,1.26011,48,5.8069222e-06,1.0000002,1.0000123,1.8900198e-07,1.2283044e-05,0.53558469,0.011283725
111.716,1.26062,48,8.5116615e-06,1.0000002,1.0000123,1.8928664e-07,1.2293072e-05,0.53578133,0.011284149
111.87,1.26251,24,1.3268244e-08,1.0000002,1.0000123,1.9035063e-07,1.2330274e-05,0.5365199,0.01128551
111.905,1.26294,24,1.8044185e-07,1.0000002,1.0000123,1.9059322e-07,1.2338745e-05,0.53668775,0.011285823
112.221,1.26682,24,1.2798196e-08,1.0000002,1.0000124,1.9279306e-07,1.2415324e-05,0.53820327,0.011288618
112.325,1.26809,48,9.3333706e-08,1.0000002,1.0000124,1.9351896e-07,1.2440444e-05,0.53870204,0.011289473
112.421,1.26927,12,1.2079063e-09,1.0000002,1.0000125,1.9419328e-07,1.2463806e-05,0.53916245,0.011290328
112.536,1.27069,48,8.1325009e-06,1.0000002,1.0000125,1.9500542e-07,1.2491947e-05,0.53971398,0.011291409
112.947,1.27573,24,6.748219e-07,1.0000002,1.0000126,1.9791729e-07,1.2592099e-05,0.54168511,0.011294944
113.058,1.27709,48,3.8092587e-06,1.0000002,1.0000126,1.9870883e-07,1.2619194e-05,0.54221745,0.011295884
113.428,1.28162,24,1.3920933e-06,1.0000002,1.0000127,2.0136325e-07,1.2709662e-05,0.54399195,0.011298974
113.587,1.28358,24,1.259657e-06,1.0000002,1.0000127,2.0251638e-07,1.2748905e-05,0.5447545,0.011300413
114.425,1.29174,24,4.3903647e-06,1.0000002,1.0000129,2.0794682e-07,1.2913356e-05,0.54877348,0.011288967
114.452,1.29148,48,4.9037328e-06,1.0000002,1.0000129,2.0794815e-07,1.2908223e-05,0.54890297,0.011284032
114.453,1.29146,24,2.4989843e-07,1.0000002,1.0000129,2.0794472e-07,1.2907826e-05,0.54890777,0.011283758
114.543,1.29059,24,3.1468944e-07,1.0000002,1.0000129,2.0794781e-07,1.2890657e-05,0.5493394,0.011267297
114.954,1.28657,12,8.081622e-07,1.0000002,1.0000128,2.0794163e-07,1.2811462e-05,0.55131052,0.011192042
115.068,1.28546,8,8.86476e-07,1.0000002,1.0000128,2.0794029e-07,1.2789638e-05,0.55185726,0.011171307
115.539,1.28086,24,2.4009007e-06,1.0000002,1.0000127,2.0792405e-07,1.2699388e-05,0.55411614,0.011085954
115.788,1.27844,24,8.0625001e-07,1.0000002,1.0000127,2.0791553e-07,1.2652037e-05,0.55531032,0.011041213
115.939,1.27696,24,2.9652552e-06,1.0000002,1.0000126,2.0790482e-07,1.2623119e-05,0.55603451,0.011014068
116.313,1.27331,48,4.0513304e-06,1.0000002,1.0000126,2.0787929e-07,1.2551943e-05,0.55782818,0.010947272
116.55,1.27099,24,3.6282296e-06,1.0000002,1.0000125,2.0785752e-07,1.2506803e-05,0.55896482,0.010905105
117.085,1.26577,24,1.6427222e-06,1.0000002,1.0000124,2.078051e-07,1.2405536e-05,0.56153064,0.010810693
117.091,1.26571,48,6.7509e-06,1.0000002,1.0000124,2.0780394e-07,1.2404374e-05,0.56155941,0.010809627
117.55,1.26123,24,2.2511665e-06,1.0000002,1.0000123,2.0774824e-07,1.2317789e-05,0.56376074,0.010729307
117.941,1.25741,24,4.166008e-06,1.0000002,1.0000122,2.0769216e-07,1.2244194e-05,0.56563595,0.010661348
118.108,1.25578,24,7.9662247e-07,1.0000002,1.0000122,2.0766667e-07,1.2212857e-05,0.56643686,0.010632472
118.357,1.25335,48,2.4264354e-07,1.0000002,1.0000122,2.076265e-07,1.2166214e-05,0.56763105,0.010589572
118.925,1.24781,24,3.4876326e-06,1.0000002,1.0000121,2.0752564e-07,1.2060204e-05,0.57035513,0.010492411
119.044,1.24664,48,5.474696e-06,1.0000002,1.000012,2.0749947e-07,1.2037872e-05,0.57092585,0.010472094
119.094,1.24615,24,1.6148864e-06,1.0000002,1.000012,2.0748885e-07,1.2028526e-05,0.57116564,0.010463583
119.313,1.24401,48,5.0432342e-06,1.0000002,1.000012,2.074431e-07,1.198775e-05,0.57221595,0.010426441
119.669,1.24054,24,2.4520808e-06,1.0000002,1.0000119,2.0736721e-07,1.1921779e-05,0.5739233,0.010366427
119.919,1.2381,24,2.3592702e-06,1.0000002,1.0000119,2.0730944e-07,1.1875497e-05,0.57512228,0.010324469
120.082,1.23651,24,1.0241161e-06,1.0000002,1.0000118,2.0727058e-07,1.1845385e-05,0.57590402,0.010297214
120.164,1.2357,24,8.980394e-07,1.0000002,1.0000118,2.0724706e-07,1.1830058e-05,0.57629728,0.010283446
120.8,1.2295,8,1.547744e-06,1.0000002,1.0000117,2.0708313e-07,1.1713076e-05,0.57934749,0.01017798
120.811,1.22939,16,1.4434268e-06,1.0000002,1.0000117,2.0707917e-07,1.1711005e-05,0.57940024,0.010176143
120.829,1.22922,48,4.9036296e-06,1.0000002,1.0000117,2.0707616e-07,1.1707807e-05,0.57948657,0.01017322
120.942,1.22811,12,9.4809367e-07,1.0000002,1.0000117,2.0704207e-07,1.1686927e-05,0.58002851,0.010154537
121.528,1.22239,48,5.1347642e-06,1.0000002,1.0000116,2.0686875e-07,1.1579626e-05,0.58283892,0.010058505
121.791,1.21982,48,2.8086683e-06,1.0000002,1.0000115,2.0678498e-07,1.1531574e-05,0.58410025,0.010015683
121.852,1.21923,24,2.4873862e-06,1.0000002,1.0000115,2.0676725e-07,1.1520557e-05,0.5843928,0.010005827
122.1,1.2168,48,4.6348882e-07,1.0000002,1.0000115,2.0668243e-07,1.1475233e-05,0.58558219,0.009965602
122.116,1.21665,24,4.2664426e-06,1.0000002,1.0000115,2.0667924e-07,1.1472439e-05,0.58565892,0.0099630679
122.134,1.21647,12,1.0912084e-06,1.0000002,1.0000115,2.0667169e-07,1.1469085e-05,0.58574525,0.0099601258
122.136,1.21646,48,8.06095e-06,1.0000002,1.0000115,2.0667437e-07,1.1468901e-05,0.58575484,0.0099598808
122.159,1.21623,24,3.25512e-06,1.0000002,1.0000115,2.066647e-07,1.1464615e-05,0.58586515,0.0099561228
122.266,1.21519,48,2.2981997e-06,1.0000002,1.0000114,2.0662994e-07,1.1445255e-05,0.58637831,0.0099389037
122.326,1.2146,24,1.6445322e-06,1.0000002,1.0000114,2.0660782e-07,1.1434277e-05,0.58666607,0.0099292056
122.605,1.21187,48,9.592512e-07,1.0000002,1.0000114,2.065076e-07,1.1383552e-05,0.58800413,0.009884344
122.639,1.21154,48,5.892698e-06,1.0000002,1.0000114,2.0649611e-07,1.1377428e-05,0.58816719,0.0098789129
122.681,1.21113,24,2.0130661e-06,1.0000002,1.0000114,2.06481e-07,1.1369822e-05,0.58836862,0.0098721888
123.023,1.20779,48,5.5233132e-06,1.0000002,1.0000113,2.0635451e-07,1.1307952e-05,0.59000883,0.0098175951
123.38,1.2043,24,2.8760884e-06,1.0000002,1.0000112,2.0621565e-07,1.1243479e-05,0.59172097,0.0097609013
123.506,1.20308,24,4.1112576e-08,1.0000002,1.0000112,2.0616945e-07,1.1220987e-05,0.59232526,0.0097410652
123.715,1.20103,48,4.013169e-06,1.0000002,1.0000112,2.0608191e-07,1.1183237e-05,0.5933276,0.0097080386
123.767,1.20052,24,4.082824e-06,1.0000002,1.0000112,2.0605984e-07,1.1173855e-05,0.59357699,0.0096998392
124.168,1.19662,24,9.1758893e-07,1.0000002,1.0000111,2.0589726e-07,1.1102247e-05,0.59550016,0.0096371046
124.257,1.19574,24,6.23314e-07,1.0000002,1.0000111,2.0585508e-07,1.1086118e-05,0.59592699,0.0096231198
124.58,1.19259,48,7.3720896e-06,1.0000002,1.000011,2.0571456e-07,1.1028485e-05,0.59747608,0.0095728849
125.13,1.18723,48,4.0970105e-06,1.0000002,1.0000109,2.0546587e-07,1.0930759e-05,0.60011384,0.0094879725
125.165,1.18688,12,1.6488167e-06,1.0000002,1.0000109,2.054464e-07,1.0924391e-05,0.60028169,0.0094825231
125.167,1.18686,48,2.4761626e-06,1.0000002,1.0000109,2.0544529e-07,1.0924027e-05,0.60029128,0.0094822118
125.243,1.18612,8,7.976852e-07,1.0000002,1.0000109,2.0540997e-07,1.0910573e-05,0.60065577,0.0094705493
125.443,1.18416,12,1.2946568e-06,1.0000002,1.0000109,2.0531127e-07,1.0874974e-05,0.60161496,0.0094398253
125.479,1.18381,24,5.099824e-06,1.0000002,1.0000109,2.0529432e-07,1.0868623e-05,0.60178761,0.0094343277
126.284,1.17595,24,8.9601384e-07,1.0000002,1.0000107,2.0488802e-07,1.0726487e-05,0.60564833,0.0093119477
126.591,1.17296,24,1.4588019e-06,1.0000002,1.0000107,2.0472814e-07,1.0672661e-05,0.60712068,0.0092657456
127.068,1.1683,24,5.9860313e-07,1.0000002,1.0000106,2.0446623e-07,1.0589034e-05,0.60940833,0.0091942897
127.087,1.16811,24,2.3150287e-06,1.0000002,1.0000106,2.0445401e-07,1.058563e-05,0.60949946,0.0091914201
127.213,1.16688,24,1.7553678e-06,1.0000002,1.0000106,2.0438336e-07,1.0563615e-05,0.61010374,0.0091726474
127.393,1.16513,48,6.737592e-06,1.0000002,1.0000105,2.0428379e-07,1.0532332e-05,0.61096701,0.0091459499
127.77,1.16145,24,3.619768e-06,1.0000002,1.0000105,2.0406521e-07,1.0466695e-05,0.61277507,0.009090162
127.788,1.16127,24,3.197599e-06,1.0000002,1.0000105,2.0405306e-07,1.0463489e-05,0.6128614,0.009087473
127.896,1.16022,24,4.3792392e-07,1.0000002,1.0000104,2.0399072e-07,1.0444802e-05,0.61337936,0.0090715894
128.168,1.15756,24,1.3302054e-06,1.0000002,1.0000104,2.0382575e-07,1.0397531e-05,0.61468385,0.0090315835
128.973,1.1497,12,2.1353731e-06,1.0000002,1.0000103,2.0332272e-07,1.0258471e-05,0.61854457,0.0089142689
129.072,1.14873,24,2.90069e-06,1.0000002,1.0000102,2.0325764e-07,1.0241373e-05,0.61901936,0.0088999163
129.268,1.14682,24,3.2174402e-06,1.0000002,1.0000102,2.0313128e-07,1.0207748e-05,0.61995936,0.0088716465
129.288,1.14663,24,2.2960478e-07,1.0000002,1.0000102,2.0312007e-07,1.0204408e-05,0.62005528,0.0088688045
129.474,1.1448,24,1.2518911e-06,1.0000002,1.0000102,2.0299205e-07,1.0172244e-05,0.62094732,0.0088419297
130.132,1.13838,24,3.352444e-06,1.0000002,1.0000101,2.0254645e-07,1.0059815e-05,0.62410304,0.0087478868
130.149,1.13822,24,2.2572158e-06,1.0000002,1.0000101,2.0253683e-07,1.0057022e-05,0.62418457,0.0087455148
130.178,1.13793,48,1.4070984e-06,1.0000002,1.0000101,2.0251414e-07,1.0051957e-05,0.62432365,0.0087413388
130.492,1.13487,24,3.448096e-06,1.0000002,1.00001,2.0229542e-07,9.9986068e-06,0.62582957,0.008696855
130.584,1.13397,16,1.7165433e-06,1.0000002,1.00001,2.0222924e-07,9.9829415e-06,0.6262708,0.0086838357
131.653,1.12353,8,3.117332e-07,1.0000002,1.0000098,2.0143923e-07,9.8021107e-06,0.63139764,0.0085340251
132.063,1.11953,24,2.5133642e-06,1.0000002,1.0000097,2.0112432e-07,9.7332589e-06,0.63336397,0.0084772419
132.133,1.11885,24,4.5752621e-07,1.0000002,1.0000097,2.0107089e-07,9.7215784e-06,0.63369968,0.0084676046
132.281,1.1174,24,2.8906426e-06,1.0000002,1.0000097,2.0095268e-07,9.6966921e-06,0.63440948,0.0084471693
132.577,1.11451,48,4.6317737e-06,1.0000002,1.0000096,2.0071706e-07,9.6471868e-06,0.63582907,0.0084065109
132.917,1.11119,24,4.085288e-06,1.0000002,1.0000096,2.0044149e-07,9.5904695e-06,0.63745969,0.0083600292
133.705,1.1035,24,2.5851352e-06,1.0000002,1.0000095,1.9978496e-07,9.4597304e-06,0.64123887,0.0082532441
133.919,1.10141,24,1.7800598e-06,1.0000002,1.0000094,1.9960136e-07,9.4243503e-06,0.6422652,0.0082244491
134.477,1.09596,24,7.116808e-07,1.0000002,1.0000093,1.9911303e-07,9.332398e-06,0.64494133,0.0081497951
134.713,1.09365,6,1.0421696e-06,1.0000002,1.0000093,1.9890054e-07,9.2935568e-06,0.64607316,0.0081183702
134.713,1.09366,10,3.0409668e-06,1.0000002,1.0000093,1.9890428e-07,9.2937267e-06,0.64607316,0.0081184444
135.991,1.11527,24,1.5676285e-07,1.0000002,1.0000097,2.1072003e-07,9.6669915e-06,0.65220235,0.0082010574
136.37,1.12635,24,2.8357964e-06,1.0000002,1.0000099,2.161534e-07,9.8607129e-06,0.65402001,0.0082595146
136.742,1.13721,24,2.2434576e-06,1.0000002,1.0000101,2.2157062e-07,1.005247e-05,0.65580409,0.0083164646
137.276,1.15279,24,3.584636e-06,1.0000002,1.0000103,2.2950098e-07,1.0330822e-05,0.65836512,0.0083976077
137.808,1.16831,8,1.04066e-06,1.0000002,1.0000106,2.3758799e-07,1.0611916e-05,0.66091655,0.0084778097
138.958,1.20189,6,7.6794715e-10,1.0000003,1.0000112,2.5573235e-07,1.1233137e-05,0.66643186,0.0086493041
139.077,1.20537,16,2.5779868e-06,1.0000003,1.0000113,2.5766368e-07,1.1298535e-05,0.66700257,0.0086669255
139.645,1.22196,24,3.5923076e-08,1.0000003,1.0000116,2.670084e-07,1.161294e-05,0.66972666,0.0087504744
140.081,1.23469,24,1.6048117e-06,1.0000003,1.0000119,2.743323e-07,1.1857146e-05,0.67181768,0.0088141147
140.311,1.2414,24,3.436179e-07,1.0000003,1.000012,2.7824737e-07,1.1986901e-05,0.67292074,0.0088474888
140.316,2.78327,12,1.3494677e-06,1.0000015,1.0000602,1.4912635e-06,6.0178226e-05,0.67294472,0.019835728
142.433,1.30336,24,1.8457896e-08,1.0000003,1.0000132,3.1619096e-07,1.3218745e-05,0.68309769,0.0091506884
143.457,1.33325,12,7.3685404e-09,1.0000003,1.0000138,3.3568769e-07,1.383476e-05,0.68800872,0.0092937256
143.757,2.78327,12,1.3477453e-06,1.0000016,1.0000602,1.5551796e-06,6.0225491e-05,0.68944749,0.019360935
147.254,2.78327,12,6.2887518e-09,1.0000016,1.0000603,1.6216155e-06,6.0274194e-05,0.70621883,0.01890115
149.572,1.51178,16,4.3953598e-06,1.0000005,1.0000178,4.6943569e-07,1.7809801e-05,0.71733578,0.010107373
150.32,1.53361,12,5.0116596e-07,1.0000005,1.0000183,4.8794366e-07,1.833068e-05,0.72092313,0.010202302
151.7,1.57391,24,6.4859354e-09,1.0000005,1.0000193,5.2340983e-07,1.931224e-05,0.72754151,0.010375148
153.556,1.6281,24,2.1529459e-08,1.0000006,1.0000207,5.7384181e-07,2.0673013e-05,0.73644274,0.010602647
154.387,1.65235,24,3.2228366e-08,1.0000006,1.0000213,5.9745886e-07,2.1297171e-05,0.74042815,0.01070265
154.576,1.65788,12,1.919266e-09,1.0000006,1.0000214,6.0293319e-07,2.1440821e-05,0.74133458,0.010725339
154.581,1.65801,24,2.3029599e-08,1.0000006,1.0000214,6.0306629e-07,2.1444206e-05,0.74135856,0.010725833
154.85,1.66588,12,9.0926134e-07,1.0000006,1.0000216,6.1091795e-07,2.1649501e-05,0.74264866,0.010758024
155.433,1.6829,6,2.6078584e-10,1.0000006,1.0000221,6.2814819e-07,2.2096879e-05,0.74544469,0.010827173
155.706,1.69087,12,6.516174e-08,1.0000006,1.0000223,6.3633071e-07,2.230797e-05,0.74675397,0.010859376
156.56,1.75104,12,5.463771e-07,1.0000007,1.0000239,6.9071189e-07,2.3927773e-05,0.75084969,0.011184466
157.268,1.8097,24,1.5214567e-07,1.0000007,1.0000256,7.4534673e-07,2.5561111e-05,0.75424521,0.011507109
157.615,1.8384,24,2.4268805e-08,1.0000008,1.0000264,7.7301682e-07,2.6379969e-05,0.75590939,0.011663864
158.231,1.88945,24,8.760146e-08,1.0000008,1.0000279,8.2376506e-07,2.7868542e-05,0.75886368,0.011941086
158.664,1.92528,24,1.5644506e-07,1.0000009,1.0000289,8.605834e-07,2.8937824e-05,0.76094031,0.012134322
159.062,1.95824,24,1.8690586e-07,1.0000009,1.0000299,8.9533097e-07,2.9939308e-05,0.76284909,0.012311174
159.955,2.03223,24,8.5123666e-07,1.000001,1.0000322,9.7645428e-07,3.2249812e-05,0.76713185,0.012705011
160.325,2.06285,24,9.0463601e-07,1.000001,1.0000332,1.0113155e-06,3.3231234e-05,0.76890634,0.012866677
160.892,2.10977,24,2.0711333e-08,1.0000011,1.0000348,1.0662184e-06,3.4763777e-05,0.77162563,0.013112958
161.078,2.12519,48,2.026523e-08,1.0000011,1.0000353,1.0846536e-06,3.5275014e-05,0.77251767,0.013193546
161.11,2.12789,12,7.4682259e-08,1.0000011,1.0000354,1.0878949e-06,3.5364912e-05,0.77267114,0.013207684
161.374,2.14969,12,4.3148065e-07,1.0000011,1.0000361,1.1143566e-06,3.6095009e-05,0.77393727,0.013321167
163.141,2.2961,24,9.8939088e-07,1.0000013,1.0000412,1.3024395e-06,4.1192628e-05,0.78241166,0.014074328
163.4,2.31748,24,2.046548e-08,1.0000013,1.000042,1.3314699e-06,4.1965349e-05,0.78365381,0.014182864
163.415,2.31878,6,1.1030932e-10,1.0000013,1.000042,1.3332371e-06,4.2012559e-05,0.78372574,0.014189517
163.845,2.35434,24,7.7785523e-08,1.0000014,1.0000433,1.3824454e-06,4.3314489e-05,0.78578799,0.014369312
166.69,2.58998,12,1.9729845e-08,1.0000017,1.0000524,1.7375291e-06,5.2446765e-05,0.79943239,0.015537705
166.799,2.59901,48,1.1975938e-07,1.0000018,1.0000528,1.7521689e-06,5.2814196e-05,0.79995515,0.015581688
166.932,2.61005,24,1.7654196e-07,1.0000018,1.0000533,1.7701686e-06,5.3265164e-05,0.80059301,0.015635408
167.022,2.61747,24,2.2322092e-06,1.0000018,1.0000536,1.7823437e-06,5.3569352e-05,0.80102464,0.015671409
167.1,2.62391,48,1.3161821e-07,1.0000018,1.0000538,1.7929516e-06,5.3834069e-05,0.80139872,0.015702633
168.178,2.71323,24,2.4155313e-07,1.0000019,1.0000576,1.9441658e-06,5.7573243e-05,0.80656873,0.016133085
169.098,2.7894,48,2.5439856e-08,1.0000021,1.0000609,2.0793638e-06,6.0861764e-05,0.81098097,0.01649576
169.29,2.80531,24,6.0801862e-07,1.0000021,1.0000616,2.1083363e-06,6.1560258e-05,0.81190179,0.016571032
169.883,2.85438,24,9.5400312e-10,1.0000022,1.0000637,2.1993368e-06,6.3739859e-05,0.81474577,0.016802034
170.287,2.88789,24,2.6562074e-07,1.0000023,1.0000653,2.2628813e-06,6.5250236e-05,0.81668333,0.016958958
170.895,2.93825,8,5.68492e-07,1.0000024,1.0000676,2.3605949e-06,6.7553597e-05,0.81959925,0.017193306
171.607,2.99721,24,2.0976459e-07,1.0000025,1.0000703,2.4783956e-06,7.0301445e-05,0.82301395,0.017465546
172.754,3.09215,48,6.2047042e-08,1.0000027,1.0000748,2.6759376e-06,7.4842151e-05,0.82851487,0.017899151
173.759,3.17541,12,2.9847681e-07,1.0000029,1.0000789,2.8572811e-06,7.8942074e-05,0.83333477,0.018274794
173.806,3.17928,24,4.1578057e-09,1.0000029,1.0000791,2.8659061e-06,7.9135328e-05,0.83356018,0.018292119
174.386,3.22735,48,1.4380782e-08,1.000003,1.0000816,2.9743337e-06,8.1555541e-05,0.83634182,0.018506933
174.421,3.23022,12,7.7701316e-07,1.000003,1.0000817,2.9809012e-06,8.1701209e-05,0.83650967,0.018519674
174.66,3.25003,24,1.1913096e-07,1.000003,1.0000827,3.0264106e-06,8.2710193e-05,0.8376559,0.018607752
174.952,3.27424,24,1.1603231e-09,1.0000031,1.000084,3.0826341e-06,8.3951757e-05,0.83905631,0.018715076
175.636,3.33084,24,5.2868746e-07,1.0000032,1.0000869,3.2167549e-06,8.6890801e-05,0.84233672,0.018964449
176.151,3.37351,24,1.0962164e-08,1.0000033,1.0000891,3.3203115e-06,8.9140205e-05,0.84480662,0.01915124
177.372,3.43778,24,3.7219661e-08,1.0000035,1.0000926,3.4957646e-06,9.2594027e-05,0.85066244,0.019381751
178.047,3.4572,24,3.0139992e-08,1.0000036,1.0000937,3.5607642e-06,9.3658465e-05,0.85389969,0.019417345
179.226,3.49115,6,2.82076e-11,1.0000037,1.0000955,3.6764614e-06,9.5534452e-05,0.85955408,0.019479038
179.79,3.50737,16,2.1015752e-07,1.0000037,1.0000964,3.7327162e-06,9.6437563e-05,0.86225898,0.019508148
180.491,3.52755,24,2.5239082e-09,1.0000038,1.0000976,3.8035491e-06,9.7567302e-05,0.86562092,0.019544188
180.662,3.53246,16,4.706468e-07,1.0000038,1.0000978,3.8209464e-06,9.7843225e-05,0.86644103,0.019552867
181.905,3.56826,24,2.5685954e-07,1.0000039,1.0000999,3.949402e-06,9.9867177e-05,0.87240236,0.019616063
182.14,3.57501,24,6.9079336e-08,1.000004,1.0001003,3.9739932e-06,0.00010025122,0.8735294,0.019627814
182.744,3.5924,24,1.1518358e-08,1.000004,1.0001012,4.0378044e-06,0.00010124411,0.87642614,0.019658101
183.126,3.60337,12,4.4544587e-07,1.0000041,1.0001019,4.0784772e-06,0.0001018731,0.87825818,0.019676998
183.395,3.61113,24,3.8865242e-07,1.0000041,1.0001023,4.1073796e-06,0.00010231922,0.87954828,0.01969045
183.752,3.6214,24,1.0270831e-09,1.0000041,1.0001029,4.1458983e-06,0.00010291123,0.88126043,0.019708085
183.765,3.62178,24,3.6085618e-09,1.0000041,1.0001029,4.1473203e-06,0.00010293316,0.88132278,0.019708758
183.796,3.62266,12,2.9581479e-09,1.0000042,1.000103,4.1506501e-06,0.00010298399,0.88147145,0.019710222
183.865,3.62465,24,8.3172746e-08,1.0000042,1.0001031,4.1581433e-06,0.00010309895,0.88180237,0.019713649
184.059,3.63023,12,1.554986e-09,1.0000042,1.0001034,4.1792276e-06,0.00010342165,0.88273278,0.019723187
184.365,3.63904,12,4.6501611e-07,1.0000042,1.0001039,4.2126628e-06,0.00010393222,0.88420033,0.019738237
184.935,3.65544,24,2.1904899e-08,1.0000043,1.0001049,4.2754353e-06,0.00010488615,0.88693401,0.01976608
185.288,3.6656,3,2.28369e-07,1.0000043,1.0001055,4.3146578e-06,0.00010547939,0.88862697,0.019783256
186.118,3.68949,48,4.2012219e-07,1.0000044,1.0001069,4.4079127e-06,0.00010688119,0.89260758,0.019823392
186.412,3.69795,24,1.8629291e-07,1.0000044,1.0001074,4.441288e-06,0.00010737992,0.89401758,0.01983751
187.339,3.72465,24,1.705053e-07,1.0000045,1.000109,4.5477887e-06,0.00010896181,0.8984634,0.019881872
188.155,3.74814,12,1.6926577e-07,1.0000046,1.0001104,4.6430285e-06,0.0001103635,0.90237688,0.019920491
188.942,3.77077,48,1.7089035e-07,1.0000047,1.0001117,4.7361825e-06,0.00011172273,0.90615127,0.019957288
189.131,3.77622,48,1.1964068e-07,1.0000048,1.0001121,4.7587947e-06,0.00011205136,0.9070577,0.019966161
189.623,3.79038,24,9.5164151e-08,1.0000048,1.0001129,4.8179535e-06,0.00011290756,0.90941729,0.019989031
190.702,3.82143,24,5.1924411e-09,1.0000049,1.0001148,4.9495519e-06,0.00011479695,0.91459209,0.020038752
191.433,3.84248,48,3.6590837e-08,1.000005,1.0001161,5.0402172e-06,0.00011608714,0.91809791,0.020072192
191.964,3.85775,24,1.2486256e-07,1.0000051,1.000117,5.1067719e-06,0.0001170278,0.92064455,0.020096216
191.984,3.85833,48,8.3887583e-08,1.0000051,1.0001171,5.1093044e-06,0.0001170636,0.92074047,0.020097144
192.086,3.86126,24,1.4927776e-08,1.0000051,1.0001172,5.1221574e-06,0.00011724458,0.92122965,0.020101725
192.096,3.86156,48,3.4029632e-07,1.0000051,1.0001173,5.123454e-06,0.0001172631,0.92127761,0.020102241
192.307,3.86763,8,1.202438e-10,1.0000052,1.0001176,5.1501462e-06,0.00011763852,0.92228955,0.020111748
192.512,3.87354,48,4.5785678e-08,1.0000052,1.000118,5.1762111e-06,0.00011800462,0.92327271,0.020121031
192.52,3.87376,24,1.7471138e-08,1.0000052,1.000118,5.1772006e-06,0.00011801827,0.92331108,0.020121338
193.277,3.89554,24,5.4168186e-08,1.0000053,1.0001194,5.2741713e-06,0.00011937274,0.9269416,0.020155218
193.896,3.91336,24,3.2231128e-08,1.0000054,1.0001205,5.3544695e-06,0.00012048694,0.92991027,0.020182778
194.274,3.92425,24,2.616703e-07,1.0000054,1.0001212,5.4039621e-06,0.00012117049,0.93172313,0.020199564
194.517,3.93123,24,9.35375e-08,1.0000054,1.0001216,5.4358943e-06,0.0001216097,0.93288854,0.020210213
195.404,3.95677,24,1.8533719e-08,1.0000056,1.0001232,5.5537976e-06,0.00012322381,0.93714252,0.020249176
196.187,3.97931,24,5.832622e-08,1.0000057,1.0001247,5.6593952e-06,0.00012465757,0.94089773,0.02028325
197.188,4.00812,12,1.8676535e-08,1.0000058,1.0001265,5.796492e-06,0.00012650282,0.94569845,0.020326389
197.676,4.0133,12,2.3321541e-08,1.0000058,1.0001268,5.8373743e-06,0.00012684745,0.94803886,0.020302414
198.534,3.99987,24,9.645005e-08,1.0000058,1.000126,5.8411954e-06,0.00012603274,0.95215376,0.020147028
200.311,3.97202,48,1.6069264e-07,1.0000058,1.0001244,5.8481348e-06,0.00012435103,0.96067612,0.019829265
201.833,3.94818,48,1.435381e-07,1.0000059,1.0001229,5.8531844e-06,0.00012291991,0.96797551,0.019561618
201.976,3.94593,48,9.1627096e-08,1.0000059,1.0001228,5.8535833e-06,0.00012278522,0.96866133,0.019536628
202.294,3.94096,12,9.717693e-10,1.0000059,1.0001225,5.8545458e-06,0.00012248802,0.97018643,0.019481349
202.676,3.93497,24,7.1169734e-07,1.0000059,1.0001221,5.8555912e-06,0.00012213024,0.97201847,0.019415076
203.297,3.92523,24,5.8343418e-09,1.0000059,1.0001215,5.8571663e-06,0.00012154951,0.97499674,0.01930786
203.611,3.92031,24,8.1218296e-07,1.0000059,1.0001213,5.8579227e-06,0.00012125668,0.97650266,0.01925392
204.122,3.91231,16,6.96817e-07,1.0000059,1.0001208,5.8590952e-06,0.00012078124,0.97895338,0.019166528
204.315,3.90929,24,3.1474788e-07,1.0000059,1.0001206,5.8595172e-06,0.00012060199,0.97987899,0.019133642
204.732,3.90276,24,4.36212e-08,1.0000059,1.0001202,5.8603658e-06,0.00012021483,0.98187889,0.019062775
204.885,3.90035,12,3.3366212e-07,1.0000059,1.0001201,5.8606168e-06,0.00012007206,0.98261267,0.019036777
205.873,3.88487,12,2.5374547e-07,1.0000059,1.0001192,5.8622817e-06,0.00011915708,0.98735104,0.018870226
206.059,3.88196,24,4.060154e-07,1.0000059,1.000119,5.8625671e-06,0.00011898546,0.98824308,0.01883907
206.174,3.88016,48,4.243962e-08,1.0000059,1.0001189,5.8627345e-06,0.00011887936,0.98879461,0.018819832
206.373,3.87704,24,7.0287669e-09,1.0000059,1.0001187,5.862996e-06,0.00011869554,0.989749,0.018786566
206.728,3.87147,6,6.7622e-11,1.0000059,1.0001184,5.8634122e-06,0.0001183677,0.99145155,0.018727362
206.756,3.87103,48,7.2163992e-07,1.0000059,1.0001183,5.8634408e-06,0.00011834182,0.99158584,0.018722697
208.823,3.83865,24,5.5043114e-07,1.0000059,1.0001164,5.8650525e-06,0.00011644474,1.001499,0.018382314
208.883,3.83771,24,2.2931745e-08,1.0000059,1.0001164,5.8650747e-06,0.00011638988,1.0017868,0.018372534
209.461,3.82865,24,3.098413e-08,1.0000059,1.0001159,5.8652038e-06,0.00011586176,1.0045588,0.018278582
209.579,3.8268,48,1.6538272e-08,1.0000059,1.0001158,5.8652133e-06,0.00011575406,1.0051247,0.018259463
210.036,3.81965,24,1.0415404e-07,1.0000059,1.0001153,5.8652468e-06,0.00011533828,1.0073165,0.018185692
210.258,3.81617,24,7.1338192e-08,1.0000059,1.0001151,5.8652131e-06,0.00011513615,1.0083812,0.01814994
210.913,3.8059,24,1.3396324e-07,1.0000059,1.0001145,5.8649962e-06,0.00011454062,1.0115225,0.018044881
211.058,3.80363,48,2.0652838e-08,1.0000059,1.0001144,5.8649371e-06,0.00011440919,1.0122179,0.018021729
211.162,3.80201,48,1.7683356e-07,1.0000059,1.0001143,5.8649157e-06,0.00011431546,1.0127167,0.018005181
211.864,3.791,24,9.1590387e-10,1.0000059,1.0001137,5.8644242e-06,0.00011367921,1.0160834,0.017893554
212.196,3.78581,24,9.94511e-08,1.0000059,1.0001134,5.8641803e-06,0.0001133799,1.0176757,0.0178411
213.096,3.7717,24,3.1525987e-07,1.0000059,1.0001126,5.8631764e-06,0.00011256797,1.021992,0.017699534
213.103,3.77158,24,1.2610615e-09,1.0000059,1.0001126,5.8631345e-06,0.00011256106,1.0220256,0.01769839
213.969,3.75801,48,1.3052568e-08,1.0000059,1.0001118,5.8618949e-06,0.00011178283,1.0261788,0.017563339
214.218,3.75412,24,3.8517012e-09,1.0000059,1.0001116,5.861523e-06,0.00011156023,1.027373,0.017524764
217.368,3.70475,48,9.777625e-09,1.0000059,1.0001088,5.8542458e-06,0.00010875296,1.0424802,0.017043677
217.429,3.7038,48,1.571079e-07,1.0000059,1.0001087,5.8540868e-06,0.00010869928,1.0427727,0.017034526
217.872,3.69686,24,3.504356e-08,1.0000059,1.0001083,5.8527565e-06,0.00010830746,1.0448973,0.016968036
218.759,3.73856,24,2.477567e-07,1.000006,1.0001108,6.0330624e-06,0.00011079191,1.0491513,0.017089857
219.538,3.81401,24,6.6469298e-09,1.0000063,1.0001153,6.3263983e-06,0.0001153312,1.0528873,0.017372892
220.252,3.883,24,4.115044e-08,1.0000066,1.0001196,6.6024055e-06,0.00011956247,1.0563116,0.017629806
221.565,4.01004,24,3.597361e-07,1.0000071,1.0001276,7.1301231e-06,0.00012755552,1.0626087,0.018098707
221.632,4.01653,24,5.2551016e-08,1.0000072,1.000128,7.157767e-06,0.00012797087,1.06293,0.018122518
221.841,4.03668,24,3.0771873e-08,1.0000072,1.0001293,7.2440824e-06,0.00012926482,1.0639323,0.018196276
222.558,4.10606,24,3.1275006e-09,1.0000075,1.0001338,7.5461442e-06,0.00013377036,1.067371,0.018449393
225.447,4.38552,24,1.6541584e-07,1.0000088,1.0001527,8.8433128e-06,0.00015270929,1.0812264,0.019452554
225.531,4.39365,24,1.3383908e-07,1.0000089,1.0001533,8.8830156e-06,0.00015327924,1.0816293,0.019481357
225.92,4.43133,24,1.9127752e-08,1.0000091,1.0001559,9.0684841e-06,0.00015593479,1.0834949,0.019614598
225.92,4.43134,24,1.6574004e-08,1.0000091,1.0001559,9.0685264e-06,0.00015593549,1.0834949,0.019614642
226.676,4.50446,48,2.2271768e-09,1.0000094,1.0001612,9.4355149e-06,0.00016115467,1.0871206,0.019871799
227.419,4.57627,8,8.120384e-08,1.0000098,1.0001664,9.8050521e-06,0.00016636502,1.090684,0.020122637
227.819,4.61498,8,2.700634e-08,1.00001,1.0001692,1.0007988e-05,0.00016920851,1.0926024,0.020257222
231.383,4.95974,24,4.9396392e-08,1.0000119,1.0001956,1.1935001e-05,0.00019561078,1.109695,0.021435196
231.41,4.9623,48,8.7182945e-08,1.000012,1.0001958,1.1950179e-05,0.00019581411,1.1098245,0.021443758
231.719,4.99221,24,9.4966591e-09,1.0000121,1.0001982,1.2127844e-05,0.00019819735,1.1113065,0.021544241
232.575,5.07506,24,1.0256846e-07,1.0000126,1.0002049,1.2628829e-05,0.00020487518,1.1154118,0.021821176
232.663,5.08358,24,3.5432744e-07,1.0000127,1.0002056,1.2681087e-05,0.00020556826,1.1158338,0.021849542
233.916,5.20474,24,1.530329e-07,1.0000134,1.0002156,1.3439543e-05,0.00021555301,1.1218431,0.022250466
235.066,5.316,24,9.0405194e-08,1.0000142,1.0002249,1.4161205e-05,0.00022493352,1.1273584,0.022614925
237.778,5.57827,24,9.5260897e-10,1.000016,1.0002478,1.5960549e-05,0.00024784907,1.140365,0.023459992
237.786,5.57906,12,2.7732065e-08,1.000016,1.0002479,1.5966161e-05,0.00024791979,1.1404033,0.023462525
239.002,5.69671,48,2.3454898e-07,1.0000168,1.0002586,1.6819299e-05,0.00025856776,1.1462352,0.023835407
241.361,5.48275,24,6.125334e-08,1.0000158,1.0002397,1.5806851e-05,0.0002397387,1.1575488,0.022715973
241.83,5.43835,48,8.8334828e-10,1.0000156,1.0002359,1.5596268e-05,0.00023591646,1.159798,0.022488318
241.975,5.42468,6,3.474246e-11,1.0000155,1.0002347,1.5531646e-05,0.00023474572,1.1604934,0.022418349
242.65,5.36075,12,3.4127809e-08,1.0000152,1.0002293,1.5230004e-05,0.00022930798,1.1637307,0.02209252
242.823,5.34441,24,1.6657928e-07,1.0000152,1.0002279,1.5153206e-05,0.00022792814,1.1645604,0.022009488
243.105,5.31766,8,8.182028e-08,1.000015,1.0002257,1.5027569e-05,0.00022567787,1.1659128,0.021873923
243.167,5.31185,24,5.33525e-10,1.000015,1.0002252,1.5000399e-05,0.00022519062,1.1662102,0.021844453
243.463,5.28383,24,5.5403148e-09,1.0000149,1.0002228,1.4869222e-05,0.00022284771,1.1676298,0.021702805
243.854,5.24682,48,3.2172114e-08,1.0000147,1.0002198,1.4696432e-05,0.0002197714,1.169505,0.021516235
243.961,5.23666,24,5.556872e-08,1.0000146,1.0002189,1.4649057e-05,0.00021893051,1.1700182,0.021465152
244.124,5.2212,48,3.7885144e-07,1.0000146,1.0002177,1.4577067e-05,0.000217654,1.1707999,0.021387492
244.575,5.17851,24,1.0965588e-07,1.0000144,1.0002141,1.4378874e-05,0.00021414811,1.1729628,0.021173505
245.393,5.10116,12,1.1883957e-08,1.000014,1.0002079,1.4021747e-05,0.0002078666,1.1768859,0.020787716
246.282,5.01694,24,9.3390103e-08,1.0000136,1.0002011,1.3635587e-05,0.00020113087,1.1811495,0.020370713
246.421,5.00383,24,1.1476244e-09,1.0000136,1.0002001,1.3575809e-05,0.00020009215,1.1818161,0.020306021
246.699,4.97755,12,1.2687217e-07,1.0000135,1.000198,1.3456142e-05,0.00019801782,1.1831494,0.020176612
246.805,4.96744,3,7.1901646e-08,1.0000134,1.0001972,1.3410096e-05,0.00019722256,1.1836578,0.020126983
247.217,4.92847,12,5.4628159e-08,1.0000132,1.0001942,1.3233353e-05,0.00019417203,1.1856337,0.019935805
248.489,4.80808,48,1.832625e-07,1.0000127,1.0001849,1.2691586e-05,0.00018489479,1.1917341,0.019349267
248.96,4.76352,24,2.2914277e-07,1.0000125,1.0001815,1.2492772e-05,0.00018151732,1.193993,0.019133676
249.585,4.70433,24,1.7459984e-07,1.0000122,1.0001771,1.223008e-05,0.00017707803,1.1969904,0.018848609
249.955,4.6693,24,2.417631e-08,1.0000121,1.0001745,1.2075416e-05,0.00017447609,1.1987649,0.018680563
250.083,4.65714,6,1.18153e-11,1.000012,1.0001736,1.202183e-05,0.00017357726,1.1993788,0.018622377
250.113,4.65433,24,2.3082816e-08,1.000012,1.0001734,1.2009493e-05,0.0001733699,1.1995227,0.018608909
250.652,4.60336,12,1.2666221e-07,1.0000118,1.0001696,1.1785952e-05,0.00016962941,1.2021077,0.018365543
251.03,4.56758,24,4.3423706e-08,1.0000116,1.000167,1.1629771e-05,0.00016702751,1.2039205,0.018195355
251.227,4.54891,24,2.0722098e-07,1.0000115,1.0001657,1.1548512e-05,0.00016567764,1.2048653,0.018106772
251.888,4.48629,48,9.6248098e-10,1.0000113,1.0001612,1.1277287e-05,0.00016118931,1.2080354,0.017810654
252.235,4.45353,24,1.0457528e-07,1.0000111,1.0001589,1.1136295e-05,0.00015886534,1.2096996,0.017656273
253.106,4.37108,48,3.82371e-07,1.0000108,1.0001531,1.0783764e-05,0.0001530895,1.2138769,0.01726976
254.078,4.27899,12,1.7908908e-10,1.0000104,1.0001468,1.0394279e-05,0.00014676233,1.2185385,0.016841246
254.346,4.25369,24,2.4462704e-08,1.0000103,1.000145,1.0288161e-05,0.00014504705,1.2198238,0.016724029
254.711,4.21909,48,7.4350868e-09,1.0000101,1.0001427,1.0143505e-05,0.00014271719,1.2215743,0.016564224
255.241,4.16894,16,2.6541618e-07,1.0000099,1.0001394,9.9351055e-06,0.00013937315,1.2241162,0.016333348
255.31,4.16243,24,1.1289991e-07,1.0000099,1.0001389,9.908172e-06,0.00013894193,1.2244471,0.016303435
255.529,4.14172,24,3.7330861e-09,1.0000098,1.0001376,9.8226159e-06,0.00013757442,1.2254974,0.016208415
255.935,4.10321,24,7.511032e-09,1.0000097,1.000135,9.6641011e-06,0.00013504915,1.2274445,0.016032235
256.831,4.01843,24,1.115982e-07,1.0000093,1.0001296,9.318344e-06,0.00012957084,1.2317417,0.015646203
257.114,3.99164,24,2.7577274e-07,1.0000092,1.0001279,9.2099677e-06,0.00012786289,1.2330989,0.015524787
257.771,3.92945,24,3.5178057e-07,1.000009,1.0001239,8.9600631e-06,0.00012394102,1.2362498,0.015243957
258.65,3.84623,48,9.239006e-08,1.0000086,1.0001188,8.6293679e-06,0.0001187869,1.2404655,0.014870404
258.665,3.8448,6,2.141034e-11,1.0000086,1.0001187,8.623717e-06,0.00011869928,1.2405374,0.014864013
259.924,3.73625,24,4.6156432e-08,1.0000082,1.0001121,8.2054046e-06,0.00011214495,1.2465755,0.014374394
260.029,3.7392,48,6.7304274e-09,1.0000082,1.0001123,8.2245791e-06,0.00011232601,1.247079,0.014379935
260.338,3.74796,12,1.1434805e-07,1.0000083,1.0001129,8.2815445e-06,0.00011286443,1.248561,0.014396515
260.443,3.75096,12,3.3038746e-08,1.0000083,1.000113,8.30107e-06,0.00011304911,1.2490646,0.01440223
260.87,3.76306,24,3.7884449e-07,1.0000084,1.0001138,8.380354e-06,0.00011379569,1.2511124,0.014425039
261.298,3.77517,24,1.6056093e-09,1.0000085,1.0001145,8.4602746e-06,0.00011454551,1.2531651,0.014447757
261.467,3.77995,24,5.7821864e-08,1.0000085,1.0001148,8.4919716e-06,0.00011484219,1.2539756,0.0144567
262.087,3.79752,48,3.4175207e-09,1.0000086,1.0001159,8.6091311e-06,0.00011593611,1.2569491,0.01448954
262.396,3.80627,24,2.9639558e-09,1.0000087,1.0001165,8.6679148e-06,0.00011648293,1.258431,0.014505823
262.502,3.80929,12,7.0795108e-08,1.0000087,1.0001167,8.6882306e-06,0.00011667195,1.2589394,0.01451147
262.82,3.8183,24,3.6885752e-07,1.0000087,1.0001172,8.7491461e-06,0.00011723691,1.2604645,0.014528194
263.539,3.83868,24,3.8226857e-09,1.0000089,1.0001185,8.888026e-06,0.00011852009,1.2639127,0.01456589
263.54,3.83868,24,1.329284e-09,1.0000089,1.0001185,8.8880864e-06,0.00011852013,1.2639175,0.014565834
264.06,3.85343,24,1.5158885e-08,1.000009,1.0001195,8.9895439e-06,0.0001194534,1.2664114,0.014593009
264.098,3.85451,24,1.9478249e-09,1.000009,1.0001195,8.9970001e-06,0.00011952188,1.2665937,0.014594999
264.661,3.87045,16,2.26918e-07,1.0000091,1.0001205,9.1076882e-06,0.00012053512,1.2692938,0.01462418
264.777,3.87376,12,1.2433515e-09,1.0000091,1.0001207,9.1307368e-06,0.00012074604,1.2698501,0.014630274
264.831,3.87528,24,1.2654613e-09,1.0000091,1.0001208,9.14138e-06,0.000120843,1.2701091,0.01463303
265.667,3.89898,12,3.4390555e-08,1.0000093,1.0001224,9.3080918e-06,0.00012235981,1.2741185,0.014676192
265.833,3.90367,24,2.2926587e-09,1.0000093,1.0001227,9.3413704e-06,0.00012266118,1.2749146,0.01468467
265.913,3.90594,24,8.6203222e-09,1.0000094,1.0001228,9.357486e-06,0.00012280716,1.2752983,0.014688789
267.101,3.9396,24,1.9251035e-07,1.0000096,1.000125,9.5988728e-06,0.00012498272,1.2809958,0.014749477
269.032,3.99432,24,2.4690109e-07,1.00001,1.0001286,1.0000605e-05,0.00012856241,1.2902567,0.014847007
269.304,4.00201,6,1.7634785e-11,1.0000101,1.0001291,1.0058039e-05,0.00012906978,1.2915612,0.014860566
269.48,4.00701,6,2.403276e-11,1.0000101,1.0001294,1.0095451e-05,0.00012940019,1.2924053,0.014869415
269.657,4.01203,12,2.3191739e-08,1.0000101,1.0001297,1.013313e-05,0.00012973239,1.2932542,0.014878271
270.343,4.03144,12,2.3734053e-08,1.0000103,1.000131,1.0279866e-05,0.00013102114,1.2965442,0.014912315
271.19,4.05545,24,1.5092702e-09,1.0000105,1.0001326,1.0463337e-05,0.00013262453,1.3006063,0.014954276
272.428,4.09052,12,2.2883009e-09,1.0000107,1.000135,1.0735524e-05,0.00013498506,1.3065437,0.01501505
272.514,4.09296,24,1.343071e-07,1.0000108,1.0001352,1.0754636e-05,0.00013515011,1.3069561,0.015019265
272.533,4.09349,24,1.8988817e-09,1.0000108,1.0001352,1.0758813e-05,0.00013518599,1.3070473,0.015020163
272.86,4.10278,24,5.6531422e-11,1.0000108,1.0001358,1.0831789e-05,0.00013581542,1.3086155,0.015036209
275.116,4.1667,24,2.35479e-08,1.0000113,1.0001402,1.1343869e-05,0.00014018844,1.3194351,0.015145248
276.323,4.20089,24,6.0408762e-10,1.0000116,1.0001426,1.1624705e-05,0.00014255761,1.3252238,0.015202824
276.578,4.20812,24,1.1174064e-07,1.0000117,1.0001431,1.1684698e-05,0.00014306128,1.3264468,0.015214948
279.038,4.27782,6,1.961224e-11,1.0000123,1.000148,1.2274465e-05,0.00014796524,1.3382447,0.0153306
279.426,4.28881,24,3.9130184e-11,1.0000124,1.0001487,1.2369349e-05,0.00014874648,1.3401056,0.015348643
281.567,4.33799,12,8.4978539e-09,1.0000128,1.0001523,1.2833098e-05,0.00015229137,1.3503736,0.015406599
282.77,4.35739,24,1.5187811e-09,1.000013,1.0001537,1.3048805e-05,0.00015372197,1.3561431,0.015409662
282.778,4.35752,24,2.2112845e-10,1.0000131,1.0001537,1.3050254e-05,0.00015373158,1.3561815,0.015409685
282.926,4.35992,6,4.8274716e-12,1.0000131,1.0001539,1.3077055e-05,0.00015390904,1.3568913,0.015410107
284.303,4.38214,24,1.0354622e-07,1.0000133,1.0001556,1.3327651e-05,0.00015555782,1.3634953,0.015413626
284.561,4.3863,6,1.55398e-11,1.0000134,1.0001559,1.3374968e-05,0.00015586761,1.3647326,0.01541427
286.594,4.4191,24,6.5151584e-09,1.0000138,1.0001583,1.3752211e-05,0.00015832213,1.3744827,0.015419374
286.817,4.4227,48,6.2991732e-08,1.0000138,1.0001586,1.3794068e-05,0.00015859282,1.3755522,0.015419937
287.239,4.42951,24,2.6213298e-08,1.0000139,1.0001591,1.3873513e-05,0.00015910561,1.3775761,0.015420991
288.346,4.44737,24,7.3840219e-11,1.0000141,1.0001605,1.4083464e-05,0.00016045484,1.3828852,0.015423727
288.595,4.4514,48,2.3137366e-08,1.0000141,1.0001608,1.4131086e-05,0.00016076013,1.3840794,0.015424384
288.938,4.45692,24,2.4560576e-08,1.0000142,1.0001612,1.4196673e-05,0.00016117892,1.3857244,0.015425178
289.058,4.45886,48,1.5644461e-07,1.0000142,1.0001613,1.4219727e-05,0.00016132622,1.3862999,0.015425486
291.16,4.49277,12,1.0457622e-08,1.0000146,1.0001639,1.4627502e-05,0.00016391331,1.3963809,0.015430588
294.321,4.54378,12,7.1029782e-09,1.0000153,1.0001678,1.5256658e-05,0.00016784841,1.4115408,0.015438178
294.724,4.55029,12,1.2572815e-08,1.0000153,1.0001684,1.5338297e-05,0.00016835436,1.4134736,0.015439157
297.596,4.59664,24,4.1010155e-09,1.0000159,1.000172,1.5928971e-05,0.00017198148,1.4272475,0.015445907
298.66,4.6138,24,1.9177328e-08,1.0000162,1.0001733,1.6151832e-05,0.0001733354,1.4323503,0.015448336
298.927,4.61811,24,4.8182175e-08,1.0000162,1.0001737,1.6208135e-05,0.00017367638,1.4336309,0.015448956
298.997,4.61924,24,1.9881765e-09,1.0000162,1.0001738,1.622292e-05,0.00017376584,1.4339666,0.015449118
299.168,4.62199,24,3.6427084e-08,1.0000163,1.000174,1.6259004e-05,0.0001739837,1.4347867,0.01544948
300.635,4.64567,24,2.5121237e-08,1.0000166,1.0001759,1.6571589e-05,0.0001758657,1.4418223,0.015452858
300.729,4.64719,24,3.1950418e-08,1.0000166,1.000176,1.6591785e-05,0.00017598688,1.4422731,0.015453082
301.16,4.65415,48,8.296272e-08,1.0000167,1.0001765,1.6684542e-05,0.0001765424,1.4443401,0.015454078
301.874,4.64267,24,3.3158152e-09,1.0000167,1.0001757,1.6670614e-05,0.00017572029,1.4477644,0.015379496
302.374,4.62586,12,8.4385258e-10,1.0000166,1.0001745,1.6596623e-05,0.00017448391,1.4501624,0.015298471
303.022,4.60405,24,9.091104e-10,1.0000165,1.0001729,1.6500293e-05,0.0001728859,1.4532702,0.015193781
304.533,4.55324,8,5.206344e-08,1.0000163,1.0001692,1.6274895e-05,0.0001691902,1.4605168,0.014951549
304.845,4.54273,24,3.8973221e-09,1.0000162,1.0001684,1.6228029e-05,0.00016843045,1.4620131,0.01490177
306.251,4.49545,48,4.0756983e-08,1.000016,1.000165,1.6016649e-05,0.00016503284,1.4687562,0.014678972
307.527,4.45253,48,1.1464304e-08,1.0000158,1.000162,1.5823652e-05,0.00016197699,1.4748758,0.014478501
307.694,4.44689,24,1.1304636e-08,1.0000158,1.0001616,1.5798155e-05,0.0001615774,1.4756767,0.014452313
307.744,4.44523,24,3.2154276e-08,1.0000158,1.0001615,1.5790725e-05,0.00016145993,1.4759165,0.014444571
308.461,4.4211,48,2.1196888e-08,1.0000157,1.0001598,1.5681658e-05,0.00015975639,1.4793552,0.014332768
310.534,4.35138,48,1.4613763e-08,1.0000154,1.0001549,1.5364972e-05,0.00015488259,1.4892971,0.014012572
311.686,4.31263,24,2.412689e-08,1.0000152,1.0001522,1.5187916e-05,0.00015220479,1.494822,0.013836457
311.851,4.30707,24,1.0867238e-08,1.0000152,1.0001518,1.5162428e-05,0.00015182237,1.4956134,0.013811307
312.149,4.29705,24,1.2999709e-08,1.0000151,1.0001511,1.5116515e-05,0.00015113439,1.4970425,0.013766022
312.702,4.27846,12,1.2892364e-08,1.000015,1.0001499,1.5031222e-05,0.00014986192,1.4996947,0.013682228
313.576,4.24904,16,3.309244e-08,1.0000149,1.0001479,1.4895826e-05,0.00014785855,1.5038863,0.013550272
314.936,4.20329,24,1.0305428e-07,1.0000147,1.0001448,1.4684616e-05,0.00014476871,1.5104088,0.013346489
316.062,4.16544,12,8.2797992e-09,1.0000145,1.0001422,1.4509299e-05,0.00014223596,1.515809,0.013179186
316.577,4.1481,24,1.7692796e-10,1.0000144,1.0001411,1.4428727e-05,0.00014108271,1.5182789,0.013102973
317.019,4.13324,48,3.9403771e-08,1.0000144,1.0001401,1.435964e-05,0.00014009799,1.5203987,0.013037831
317.607,4.11345,24,9.3534181e-08,1.0000143,1.0001388,1.4267456e-05,0.00013879165,1.5232187,0.012951383
317.662,4.11161,48,3.5445783e-09,1.0000143,1.0001387,1.4258905e-05,0.0001386705,1.5234825,0.012943349
317.957,4.10167,24,6.3948126e-10,1.0000142,1.000138,1.4212517e-05,0.00013801681,1.5248973,0.012900078
319.578,4.04715,48,2.6290341e-08,1.000014,1.0001345,1.3957713e-05,0.00013445774,1.5326715,0.012664044
319.763,4.04093,24,1.6587933e-09,1.0000139,1.0001341,1.3928585e-05,0.00013405452,1.5335587,0.012637266
320.195,4.02638,12,1.5263525e-08,1.0000139,1.0001331,1.3860344e-05,0.00013311351,1.5356305,0.012574775
321.36,3.98721,24,9.3505008e-09,1.0000137,1.0001306,1.3676465e-05,0.00013059603,1.5412178,0.0124073
321.445,3.98436,24,5.0558982e-09,1.0000137,1.0001304,1.3663086e-05,0.00013041377,1.5416254,0.012395153
321.589,3.9795,16,3.651186e-08,1.0000136,1.0001301,1.3640194e-05,0.00013010319,1.5423161,0.01237449
321.689,3.97614,24,1.8208815e-08,1.0000136,1.0001299,1.3624398e-05,0.0001298887,1.5427956,0.012360199
322.959,3.94665,12,1.6484327e-08,1.0000135,1.000128,1.3514698e-05,0.00012803276,1.5488865,0.012220282
323.714,3.93441,24,1.770135e-08,1.0000135,1.0001273,1.34857e-05,0.0001272773,1.5525074,0.012153969
325.864,3.89954,24,2.2646304e-08,1.0000134,1.0001251,1.3401235e-05,0.00012513626,1.5628186,0.011966771
326.33,3.89199,48,2.4204104e-08,1.0000134,1.0001247,1.3382636e-05,0.00012467489,1.5650535,0.011926547
327.332,3.87574,24,8.9893344e-09,1.0000133,1.0001237,1.3342116e-05,0.00012368448,1.569859,0.011840394
328.268,3.86057,24,3.61174e-08,1.0000133,1.0001228,1.3303822e-05,0.00012276318,1.574348,0.011760421
329.226,3.84504,24,4.3201016e-08,1.0000133,1.0001218,1.3264095e-05,0.00012182327,1.5789425,0.011679029
329.615,3.83872,24,5.2106748e-09,1.0000132,1.0001214,1.324772e-05,0.00012144168,1.5808081,0.011646072
330.97,3.81675,24,2.2359784e-08,1.0000132,1.0001201,1.3190334e-05,0.00012011954,1.5873066,0.011532012
332.099,3.79844,48,1.2313864e-08,1.0000131,1.000119,1.3141715e-05,0.00011902269,1.5927212,0.011437674
332.264,3.79577,48,5.5772304e-08,1.0000131,1.0001189,1.3134592e-05,0.00011886315,1.5935125,0.011423958
333.454,3.77646,24,4.4600737e-08,1.0000131,1.0001177,1.3082407e-05,0.00011771207,1.5992197,0.01132528
333.81,3.77069,48,6.7134312e-09,1.0000131,1.0001174,1.3066692e-05,0.00011736913,1.600927,0.011295917
333.866,3.76979,24,1.288762e-08,1.0000131,1.0001173,1.3064268e-05,0.0001173157,1.6011956,0.011291326
334.663,3.75686,48,5.2656496e-09,1.000013,1.0001165,1.3028727e-05,0.00011654899,1.605018,0.0112258
334.879,3.75336,24,1.7760912e-08,1.000013,1.0001163,1.3019065e-05,0.00011634186,1.6060539,0.011208108
335.474,3.7437,24,1.3940019e-08,1.000013,1.0001158,1.299219e-05,0.000115771,1.6089074,0.011159434
335.842,3.73774,24,2.0299547e-09,1.000013,1.0001154,1.2975574e-05,0.00011541948,1.6106723,0.01112946
336.074,3.73398,24,6.3744054e-09,1.000013,1.0001152,1.2965044e-05,0.00011519795,1.611785,0.011110589
337.235,3.71515,24,6.830728e-09,1.0000129,1.0001141,1.2911817e-05,0.00011409146,1.6173531,0.011016502
338.025,3.70234,12,6.5762289e-09,1.0000129,1.0001133,1.2875209e-05,0.00011334151,1.6211418,0.010952859
338.588,3.69321,24,8.4645288e-09,1.0000128,1.0001128,1.2848913e-05,0.00011280839,1.623842,0.010907681
338.994,3.68663,48,7.4560082e-09,1.0000128,1.0001124,1.2829874e-05,0.00011242489,1.6257891,0.010875207
339.676,3.67557,24,1.1457378e-08,1.0000128,1.0001118,1.2797649e-05,0.00011178161,1.6290599,0.010820812
341.15,3.65167,48,1.8117054e-09,1.0000127,1.0001104,1.27272e-05,0.00011039731,1.6361291,0.010704001
342.857,3.62399,24,4.512638e-09,1.0000126,1.0001088,1.2644195e-05,0.00010880394,1.6443157,0.010569975
343.166,3.6335,24,6.4123412e-09,1.0000127,1.0001094,1.2731495e-05,0.00010938888,1.6457977,0.01058817
343.193,3.63518,24,1.536846e-09,1.0000127,1.0001095,1.274515e-05,0.00010949119,1.6459272,0.010592232
344.199,3.70003,12,3.2726596e-09,1.0000133,1.0001135,1.3276674e-05,0.00011347622,1.6507519,0.010749683
347.21,3.89398,24,4.834534e-09,1.0000149,1.0001258,1.4946776e-05,0.00012582965,1.6651924,0.011215057
348.795,3.99607,24,1.1426432e-08,1.0000159,1.0001326,1.587519e-05,0.00013259474,1.6727939,0.011456787
349.035,4.01156,24,5.3157863e-09,1.000016,1.0001336,1.601904e-05,0.00013363702,1.673945,0.011493289
351.977,4.2011,48,7.4638342e-09,1.0000178,1.0001467,1.7845176e-05,0.00014672994,1.6880546,0.011935723
354.32,4.35201,24,2.471364e-09,1.0000194,1.0001576,1.9387449e-05,0.00015760351,1.6992914,0.012282711
355.006,4.39622,48,9.8090382e-09,1.0000199,1.0001609,1.9854346e-05,0.00016086455,1.7025814,0.012383509
356.023,4.46171,24,5.1238328e-09,1.0000206,1.0001658,2.0558814e-05,0.00016575835,1.7074589,0.012532084
356.307,4.48003,48,4.5099581e-09,1.0000208,1.0001671,2.0758574e-05,0.00016714078,1.7088209,0.012573511
356.489,4.49178,24,4.7750347e-09,1.0000209,1.000168,2.0887315e-05,0.00016803054,1.7096938,0.012600052
356.974,4.52301,24,1.522659e-10,1.0000212,1.0001704,2.1232036e-05,0.00017040727,1.7120198,0.012670419
357.144,4.53398,24,1.3348344e-09,1.0000214,1.0001712,2.1353923e-05,0.00017124619,1.7128351,0.012695103
359.298,4.67269,24,3.2832314e-09,1.0000229,1.000182,2.2933424e-05,0.0001820369,1.7231655,0.013005054
361.575,4.81938,24,1.98744e-09,1.0000247,1.0001938,2.468111e-05,0.00019381766,1.7340858,0.013328853
362.276,4.86459,24,1.6937616e-10,1.0000252,1.0001975,2.5235957e-05,0.00019752514,1.7374478,0.013427856
362.448,4.87566,24,1.5589518e-09,1.0000254,1.0001984,2.537304e-05,0.00019843848,1.7382727,0.013452026
362.569,4.88345,48,9.702235e-09,1.0000255,1.0001991,2.546978e-05,0.0001990825,1.738853,0.013469022
364.641,4.92134,24,6.6706197e-10,1.0000261,1.0002024,2.6127795e-05,0.00020235253,1.7487901,0.013496398
364.814,4.91342,48,3.0162119e-09,1.0000261,1.0002017,2.6064349e-05,0.00020171636,1.7496198,0.013468288
365.119,4.89945,8,1.733936e-08,1.000026,1.0002006,2.5952444e-05,0.00020059656,1.7510826,0.013418776
366.91,4.81755,48,8.965663e-10,1.0000253,1.0001941,2.5297438e-05,0.00019409173,1.7596721,0.013130059
369.28,4.70913,24,1.3913289e-09,1.0000244,1.0001856,2.4432372e-05,0.00018563813,1.7710384,0.012752193
371.44,4.61033,24,6.3460536e-09,1.0000236,1.0001781,2.3646733e-05,0.00017809144,1.7813976,0.012412045
372.21,4.57514,48,3.4704941e-09,1.0000234,1.0001754,2.3367687e-05,0.00017543975,1.7850905,0.012291825
372.604,4.55709,24,3.354151e-08,1.0000232,1.0001741,2.3224608e-05,0.00017408694,1.7869801,0.012230384
373.059,4.53628,48,1.2700327e-08,1.0000231,1.0001725,2.305987e-05,0.00017253355,1.7891622,0.012159685
374.881,4.45296,16,1.8379682e-09,1.0000224,1.0001664,2.2401869e-05,0.00016638085,1.7979004,0.011878329
376.238,4.3909,24,1.4714872e-10,1.0000219,1.0001619,2.1913506e-05,0.00016186767,1.8044084,0.011670538
377.547,4.33103,48,5.7678796e-09,1.0000214,1.0001576,2.1443917e-05,0.00015757016,1.8106863,0.011471499
377.627,4.32735,24,1.5578589e-09,1.0000214,1.0001573,2.141506e-05,0.00015730779,1.81107,0.011459324
377.998,4.31038,24,4.186433e-09,1.0000213,1.0001561,2.1282276e-05,0.00015610072,1.8128493,0.011403182
378.58,4.28379,24,4.0066148e-09,1.0000211,1.0001542,2.1074557e-05,0.00015421842,1.8156405,0.011315416
379.104,4.25979,48,5.3320794e-09,1.0000209,1.0001525,2.0887238e-05,0.00015252879,1.8181536,0.011236468
379.791,4.22837,16,8.9516528e-10,1.0000206,1.0001503,2.0642534e-05,0.00015033035,1.8214484,0.011133413
381.958,4.12927,48,5.4268547e-09,1.0000199,1.0001435,1.9874144e-05,0.00014349689,1.8318411,0.010810796
383.659,4.05147,48,7.1075581e-09,1.0000193,1.0001382,1.9274762e-05,0.0001382393,1.839999,0.010560081
389.385,4.14387,24,1.566052e-08,1.0000207,1.000145,2.0693981e-05,0.00014495781,1.8674604,0.010642089
391.699,4.20796,24,1.0151676e-09,1.0000216,1.0001496,2.1562999e-05,0.00014961865,1.8785582,0.010742841
391.709,4.20823,24,2.3654548e-09,1.0000216,1.0001496,2.1566735e-05,0.00014963847,1.8786062,0.010743256
393.686,4.26298,24,2.5466788e-09,1.0000223,1.0001537,2.2328441e-05,0.00015368255,1.8880877,0.010828376
393.91,4.2692,24,1.5601132e-09,1.0000224,1.0001541,2.2416049e-05,0.00015414558,1.889162,0.010838009
394.47,4.28469,24,8.2315341e-10,1.0000226,1.0001553,2.2635444e-05,0.00015530205,1.8918477,0.010861891
394.953,4.29809,48,2.7117012e-09,1.0000228,1.0001563,2.282626e-05,0.0001563061,1.8941641,0.010882535
396.569,4.34283,48,4.2638092e-09,1.0000235,1.0001597,2.3471559e-05,0.00015968364,1.9019144,0.010951007
399.116,4.41338,24,4.7270476e-09,1.0000245,1.0001651,2.4513847e-05,0.00016508782,1.9141296,0.011057888
399.531,4.42487,12,6.0071129e-09,1.0000247,1.000166,2.4686524e-05,0.00016597707,1.9161199,0.011075161
399.585,4.42638,24,1.2973403e-08,1.0000247,1.0001661,2.4709221e-05,0.00016609408,1.9163789,0.011077443
400.263,4.44514,24,1.2285738e-08,1.000025,1.0001676,2.4993139e-05,0.00016755202,1.9196305,0.011105548
401.815,4.48812,24,3.2850728e-09,1.0000257,1.0001709,2.5651762e-05,0.0001709178,1.9270738,0.011169618
402.332,4.50244,24,1.6396296e-09,1.0000259,1.000172,2.5873769e-05,0.00017204714,1.9295533,0.011190857
403.524,4.53546,24,4.0918844e-09,1.0000264,1.0001747,2.6390618e-05,0.00017466638,1.93527,0.011239629
404.832,4.57169,24,5.3594652e-09,1.000027,1.0001776,2.696571e-05,0.0001775646,1.9415431,0.011292808
411.566,4.36829,8,4.549972e-11,1.0000253,1.0001626,2.5308613e-05,0.00016258054,1.9738388,0.010613826
412.593,4.33232,12,1.0084659e-09,1.000025,1.00016,2.4997128e-05,0.00015998405,1.9787642,0.010500227
414.069,4.28066,24,1.6565428e-09,1.0000246,1.0001563,2.4550165e-05,0.00015628963,1.985843,0.010338035
417.045,4.17648,48,1.104884e-08,1.0000237,1.000149,2.3650145e-05,0.00014896364,2.0001157,0.010014459
417.446,4.16244,24,8.01247e-10,1.0000235,1.000148,2.3529025e-05,0.00014798908,2.0020388,0.0099712059
418.591,4.12236,48,1.6152994e-08,1.0000232,1.0001452,2.3183565e-05,0.0001452237,2.0075302,0.0098481812
418.925,4.11067,16,4.8937453e-09,1.0000231,1.0001444,2.3082893e-05,0.0001444218,2.009132,0.0098124247
420.154,4.06766,48,1.7548444e-08,1.0000227,1.0001415,2.2712856e-05,0.00014148955,2.0150262,0.0096813549
420.579,4.05279,24,4.101921e-10,1.0000226,1.0001405,2.2585066e-05,0.00014048242,2.0170645,0.0096362158
420.654,4.05015,24,8.4957781e-09,1.0000226,1.0001403,2.2562344e-05,0.00014030395,2.0174242,0.0096282218
420.774,4.04596,24,3.9574083e-09,1.0000225,1.00014,2.2526375e-05,0.00014002096,2.0179997,0.0096155181
421.736,4.01229,16,1.1538128e-09,1.0000222,1.0001378,2.2237346e-05,0.00013775668,2.0226134,0.0095137479
428.813,3.7011,24,3.932194e-09,1.0000194,1.0001176,1.9449512e-05,0.00011757171,2.0565541,0.008631035
430.821,3.58327,24,3.6383798e-09,1.0000184,1.0001103,1.8370795e-05,0.00011029951,2.0661843,0.0083173058
431.353,3.55203,48,6.2145666e-09,1.0000181,1.0001084,1.8088376e-05,0.00010840933,2.0687357,0.0082346245
432.46,3.4871,48,2.9882131e-09,1.0000175,1.0001045,1.7506427e-05,0.00010453168,2.0740448,0.0080634047
433.351,3.43479,48,2.8879888e-09,1.000017,1.0001015,1.7042465e-05,0.0001014577,2.078318,0.0079261153
433.764,3.41057,24,4.418758e-09,1.0000168,1.0001,1.6829191e-05,0.00010004958,2.0802987,0.0078627318
436.123,3.27211,16,6.1416064e-09,1.0000156,1.0000922,1.5628632e-05,9.2183916e-05,2.0916123,0.0075027229
436.792,3.23284,24,6.9948352e-09,1.0000153,1.00009,1.5294076e-05,9.0010249e-05,2.0948208,0.007401326
439.707,3.06175,24,4.150112e-09,1.0000139,1.0000808,1.3868268e-05,8.083582e-05,2.1088009,0.0069631596
443.902,2.81554,24,2.8829372e-09,1.0000119,1.0000685,1.1911156e-05,6.8480303e-05,2.1289198,0.0063427063
445.346,2.73078,12,9.306892e-10,1.0000113,1.0000645,1.1264485e-05,6.4458969e-05,2.1358451,0.0061318166
447.061,2.63823,8,1.281784e-08,1.0000106,1.0000602,1.0580372e-05,6.0207834e-05,2.1440701,0.0059012752
449.387,2.63621,24,4.7406884e-09,1.0000107,1.0000602,1.0657136e-05,6.0175195e-05,2.1552254,0.0058662356
455.368,2.63103,6,1.8802664e-13,1.0000109,1.0000601,1.0854316e-05,6.0091829e-05,2.1839098,0.0057778105
456.729,2.62985,12,2.3788641e-08,1.0000109,1.0000601,1.0899105e-05,6.0072781e-05,2.1904371,0.0057580097
457.91,2.62883,8,1.724484e-08,1.0000109,1.0000601,1.0937981e-05,6.0056425e-05,2.1961011,0.0057409316
458.184,2.62859,24,3.3509792e-09,1.0000109,1.0000601,1.094697e-05,6.0052476e-05,2.1974151,0.0057369747
458.394,2.62841,24,3.16374e-08,1.000011,1.00006,1.0953891e-05,6.0049629e-05,2.1984223,0.0057339538
462.877,2.62453,24,2.2181962e-09,1.0000111,1.00006,1.1101164e-05,5.9987095e-05,2.2199224,0.0056700376
464.623,2.62301,24,1.4048138e-09,1.0000112,1.00006,1.1158359e-05,5.9962304e-05,2.2282961,0.0056454588
464.948,2.62273,12,5.4838406e-10,1.0000112,1.00006,1.1169024e-05,5.9957822e-05,2.2298548,0.0056409104
466.687,2.62122,24,4.3158394e-08,1.0000112,1.0000599,1.1225961e-05,5.9933287e-05,2.2381949,0.0056166553
466.987,2.62097,24,3.5006558e-08,1.0000112,1.0000599,1.1235868e-05,5.9929533e-05,2.2396337,0.0056125117
467.59,2.62044,6,6.1838518e-13,1.0000113,1.0000599,1.1255541e-05,5.9920726e-05,2.2425256,0.0056041404
468.561,2.62827,24,2.034086e-08,1.0000114,1.0000603,1.1362327e-05,6.030436e-05,2.2471824,0.0056092376
469.22,2.6344,24,2.2723908e-08,1.0000114,1.0000606,1.1442302e-05,6.0603046e-05,2.250343,0.0056144239
470.239,2.64388,24,5.0567654e-08,1.0000116,1.0000611,1.1566741e-05,6.1066578e-05,2.25523,0.0056224175
470.263,2.6441,8,2.339106e-08,1.0000116,1.0000611,1.1569654e-05,6.1077368e-05,2.2553451,0.0056225984
470.796,2.64907,12,2.8075044e-08,1.0000116,1.0000613,1.1635226e-05,6.1321158e-05,2.2579013,0.0056267895
471.581,2.65636,8,1.571566e-08,1.0000117,1.0000617,1.1732001e-05,6.1679812e-05,2.2616661,0.0056328817
475.562,2.6934,24,1.3259316e-08,1.0000122,1.0000635,1.2231981e-05,6.3519934e-05,2.2807587,0.0056636148
477.664,2.71295,24,5.363146e-08,1.0000125,1.0000645,1.2501741e-05,6.4503361e-05,2.2908397,0.00567962
478.57,2.72138,8,1.914746e-08,1.0000126,1.0000649,1.2619299e-05,6.4930008e-05,2.2951848,0.0056864826
479.503,2.73006,24,1.0169346e-08,1.0000127,1.0000654,1.2741143e-05,6.5370952e-05,2.2996594,0.0056935202
480.148,2.73606,24,4.3540568e-08,1.0000128,1.0000657,1.2825842e-05,6.5676728e-05,2.3027528,0.005698368
480.224,2.73677,48,2.785419e-08,1.0000128,1.0000657,1.2835876e-05,6.5712956e-05,2.3031173,0.0056989447
480.795,2.74208,12,4.5754771e-09,1.0000129,1.000066,1.2911206e-05,6.598432e-05,2.3058558,0.0057032207
481.089,2.74481,24,4.95651e-08,1.000013,1.0000661,1.2950073e-05,6.6124091e-05,2.3072658,0.00570541
482.542,2.75833,48,8.4647478e-08,1.0000131,1.0000668,1.3143608e-05,6.6818638e-05,2.3142342,0.0057162485
482.76,2.76036,24,4.495016e-08,1.0000132,1.0000669,1.317283e-05,6.6923268e-05,2.3152798,0.0057178722
483.882,2.7708,24,4.4695969e-08,1.0000133,1.0000675,1.3323863e-05,6.7462836e-05,2.3206608,0.0057261894
484.614,2.7776,24,2.7305004e-08,1.0000134,1.0000678,1.3422929e-05,6.7815616e-05,2.3241714,0.0057315719
484.831,2.77962,24,5.0478744e-08,1.0000135,1.0000679,1.3452435e-05,6.7920597e-05,2.3252121,0.005733173
485.225,2.7833,18,2.9745428e-08,1.0000135,1.0000681,1.3506241e-05,6.8112045e-05,2.3271017,0.0057361018
485.226,2.7833,6,9.851292e-09,1.0000135,1.0000681,1.3506287e-05,6.8112075e-05,2.3271065,0.00573609
486.096,2.79139,24,1.9094357e-08,1.0000136,1.0000685,1.3625271e-05,6.853412e-05,2.331279,0.0057424665
486.406,2.79428,12,2.6787113e-08,1.0000137,1.0000687,1.3667914e-05,6.8685217e-05,2.3327657,0.0057447482
487.777,2.80703,6,1.9131428e-12,1.0000139,1.0000694,1.3857296e-05,6.9354146e-05,2.3393409,0.0057547404
488.369,2.81254,48,1.9391017e-08,1.0000139,1.0000696,1.3939671e-05,6.9644336e-05,2.3421801,0.005759047
488.646,2.85831,12,4.0727773e-11,1.0000144,1.0000719,1.4411426e-05,7.1938124e-05,2.3435086,0.0058494493
489.617,3.14661,48,6.1652588e-08,1.0000175,1.0000872,1.7529344e-05,8.7218865e-05,2.3481654,0.0064266764
490.33,3.3582,24,2.98045e-08,1.00002,1.0000994,2.0019655e-05,9.9374012e-05,2.3515849,0.0068488569
490.352,3.36478,24,6.4951664e-10,1.0000201,1.0000998,2.0099845e-05,9.9764774e-05,2.3516904,0.0068619685
492.106,3.88534,12,1.2745824e-08,1.000027,1.0001331,2.6976286e-05,0.00013312307,2.3601024,0.0078953315
492.17,3.90417,24,6.454016e-09,1.0000272,1.0001344,2.7244872e-05,0.00013442027,2.3604094,0.007932564
493.257,4.22699,48,1.1221205e-08,1.0000321,1.0001576,3.2065638e-05,0.00015764279,2.3656226,0.0085695489
494.154,4.49303,24,3.599364e-10,1.0000363,1.0001782,3.6349046e-05,0.00017817973,2.3699245,0.009092368
494.632,4.63483,48,4.0265796e-08,1.0000387,1.0001896,3.874763e-05,0.00018964287,2.3722169,0.0093702591
494.895,4.71297,24,4.5576012e-09,1.0000401,1.0001961,4.010385e-05,0.0001961134,2.3734783,0.0095231716
495.651,4.93725,24,2.2916047e-10,1.0000441,1.0002153,4.4133536e-05,0.00021529244,2.377104,0.009961142
496.113,5.07442,24,1.4578404e-08,1.0000467,1.0002275,4.6698572e-05,0.00022746631,2.3793197,0.010228355
496.429,5.16834,24,1.8613341e-08,1.0000485,1.000236,4.8499013e-05,0.00023599616,2.3808352,0.010411036
496.848,5.2925,48,8.7956671e-10,1.0000509,1.0002475,5.0934732e-05,0.00024751526,2.3828447,0.010652151
497.591,5.51301,24,1.5867666e-10,1.0000554,1.0002687,5.5416591e-05,0.00026865494,2.3864081,0.011079401
498.719,5.84802,16,3.114512e-10,1.0000626,1.0003024,6.2610646e-05,0.00030244203,2.3918179,0.011726082
499.055,5.94767,24,1.810828e-10,1.0000648,1.0003129,6.4840892e-05,0.00031288136,2.3934293,0.011917865
499.55,6.09446,48,1.1291392e-09,1.0000682,1.0003286,6.8202022e-05,0.00032858436,2.3958033,0.0121999
501.121,6.56068,48,6.1061202e-09,1.0000795,1.000381,7.94806e-05,0.00038103067,2.4033377,0.013092008
501.194,6.58238,48,2.04855e-08,1.00008,1.0003836,8.0028029e-05,0.00038356711,2.4036878,0.013133397
501.901,6.79235,24,2.7241632e-09,1.0000854,1.0004085,8.542925e-05,0.0004085484,2.4070785,0.013533247
501.903,6.79291,48,2.9691286e-09,1.0000854,1.0004086,8.5443939e-05,0.00040861611,2.4070881,0.013534308
502.084,6.84642,12,4.4699298e-10,1.0000869,1.0004151,8.6851039e-05,0.00041511033,2.4079562,0.013636005
502.909,7.0913,24,1.1871549e-09,1.0000934,1.0004455,9.3447147e-05,0.0004454889,2.4119128,0.014100563
503.112,7.15175,24,9.3453584e-09,1.0000951,1.0004532,9.5115198e-05,0.00045315453,2.4128864,0.014215026
503.21,7.18077,24,1.2766201e-09,1.0000959,1.0004569,9.5921778e-05,0.00045685809,2.4133564,0.014269927
504.884,7.67762,24,2.2623894e-09,1.0001103,1.0005226,0.0001103009,0.00052262754,2.4213848,0.015206701
505.162,7.75991,24,1.7016959e-10,1.0001128,1.000534,0.00011278744,0.00053395177,2.422718,0.015361231
505.707,7.92171,48,3.0906587e-09,1.0001178,1.0005566,0.00011776337,0.00055657485,2.4253318,0.015664624
506.367,8.11755,24,9.4162196e-09,1.0001239,1.0005846,0.00012394199,0.00058459201,2.4284971,0.016030962
506.372,8.1192,24,9.5570462e-09,1.000124,1.0005848,0.00012399455,0.00058483087,2.4285211,0.016034062
506.668,8.20704,48,7.1693508e-09,1.0001268,1.0005976,0.00012682211,0.00059762586,2.4299407,0.016198063
506.786,8.24192,24,5.7694936e-09,1.000128,1.0006027,0.00012795466,0.0006027455,2.4305066,0.016263117
506.792,8.24368,24,4.0402947e-09,1.000128,1.000603,0.00012801197,0.00060300443,2.4305354,0.016266397
506.905,8.27736,48,1.309516e-08,1.0001291,1.000608,0.00012911063,0.00060796971,2.4310773,0.016329214
507.354,8.41054,16,7.58326e-09,1.0001335,1.0006278,0.00013350584,0.00062780593,2.4332307,0.016577262
508.488,8.74714,24,2.1589765e-09,1.000145,1.0006794,0.00014497101,0.00067937524,2.4386693,0.017202255
509.084,8.92401,24,3.6443277e-09,1.0001512,1.0007073,0.00015120186,0.00070729789,2.4415276,0.017529543
510.586,8.94785,24,1.4544939e-09,1.0001527,1.0007115,0.00015272677,0.00071154784,2.4487311,0.017524668
510.618,8.94698,24,2.719582e-09,1.0001527,1.0007114,0.00015271212,0.00071141952,2.4488846,0.017521866
510.986,8.93708,24,8.2101141e-10,1.0001525,1.00071,0.00015254699,0.00070996114,2.4506495,0.017489873
511.334,8.92769,48,4.9572212e-09,1.0001524,1.0007086,0.00015238956,0.00070857871,2.4523185,0.017459606
511.671,8.91864,6,2.8340704e-13,1.0001522,1.0007072,0.00015223829,0.00070724788,2.4539347,0.017430419
511.706,8.91768,24,1.2611338e-08,1.0001522,1.0007071,0.00015222187,0.00070710654,2.4541025,0.017427351
512.109,8.90684,48,1.4764254e-08,1.000152,1.0007055,0.00015203996,0.00070551377,2.4560353,0.017392469
512.3,8.90169,24,2.9367036e-08,1.000152,1.0007048,0.00015195317,0.00070475743,2.4569513,0.017375932
513.39,8.87232,48,1.732794e-08,1.0001515,1.0007005,0.00015145683,0.00070045073,2.4621789,0.017281833
513.426,8.87136,24,9.1892739e-11,1.0001514,1.0007003,0.00015144073,0.00070031025,2.4623515,0.017278751
513.473,8.87009,48,1.8120767e-08,1.0001514,1.0007001,0.00015141913,0.00070012424,2.4625769,0.017274696
515.449,8.8169,24,7.445304e-09,1.0001505,1.0006924,0.00015051316,0.00069235449,2.4720537,0.017105281
516.278,8.79457,24,2.6835271e-08,1.0001501,1.0006891,0.00015012968,0.00068910312,2.4760295,0.017034563
516.506,8.78841,48,7.4617531e-09,1.00015,1.0006882,0.00015002328,0.0006882071,2.477123,0.017015117
517.363,8.76535,24,2.905423e-08,1.0001496,1.0006849,0.00014962542,0.00068485815,2.4812331,0.01694236
518.118,8.74502,24,6.4764002e-08,1.0001493,1.0006819,0.00014927293,0.00068191112,2.484854,0.016878433
518.217,8.74236,24,1.9627817e-08,1.0001492,1.0006815,0.00014922681,0.00068152598,2.4853288,0.016870076
518.311,8.73981,24,1.027763e-09,1.0001492,1.0006812,0.00014918216,0.00068115658,2.4857796,0.016862096
518.48,8.73527,24,3.8501337e-09,1.0001491,1.0006805,0.00014910335,0.0006804996,2.4865901,0.016847844
518.744,8.72815,24,2.8046881e-11,1.000149,1.0006795,0.00014897915,0.00067946949,2.4878562,0.016825544
518.753,8.72791,48,2.5936998e-08,1.000149,1.0006794,0.00014897501,0.00067943481,2.4878994,0.016824789
518.846,8.7254,24,5.2324134e-10,1.0001489,1.0006791,0.00014893115,0.00067907181,2.4883454,0.016816936
519.028,8.72051,16,1.7969666e-08,1.0001488,1.0006784,0.00014884602,0.00067836508,2.4892183,0.016801618
519.107,8.71839,24,8.236354e-09,1.0001488,1.0006781,0.00014880913,0.0006780588,2.4895972,0.016794977
519.148,8.71727,24,3.2218594e-09,1.0001488,1.0006779,0.00014878931,0.00067789681,2.4897938,0.016791493
519.217,8.71541,12,5.1598374e-10,1.0001488,1.0006776,0.00014875678,0.00067762808,2.4901247,0.016785679
519.918,8.69653,24,5.72217e-08,1.0001484,1.0006749,0.00014842627,0.00067490302,2.4934867,0.016726734
520.555,8.67938,12,4.1888593e-08,1.0001481,1.0006724,0.00014812512,0.00067243168,2.4965417,0.01667332
520.841,8.67167,24,4.4679621e-10,1.000148,1.0006713,0.00014798926,0.00067132177,2.4979133,0.016649361
521.021,8.66683,48,1.0069682e-08,1.0001479,1.0006706,0.00014790407,0.00067062554,2.4987766,0.01663432
521.022,8.66682,24,4.1853852e-08,1.0001479,1.0006706,0.00014790418,0.00067062429,2.4987814,0.016634269
521.143,8.66355,48,3.6138403e-08,1.0001478,1.0006702,0.00014784631,0.00067015389,2.4993617,0.016624132
523.122,8.61025,24,1.510833e-08,1.0001469,1.0006625,0.00014690117,0.00066250788,2.5088528,0.016459354
523.123,8.61025,24,1.5219766e-08,1.0001469,1.0006625,0.00014690161,0.00066250816,2.5088576,0.016459322
523.148,8.60957,24,5.37238e-09,1.0001469,1.0006624,0.00014688938,0.00066241078,2.5089775,0.016457236
523.198,8.60822,24,5.881593e-08,1.0001469,1.0006622,0.00014686527,0.00066221757,2.5092173,0.016453083
523.725,8.59402,48,2.5719269e-08,1.0001466,1.0006602,0.00014661172,0.00066018699,2.5117447,0.016409413
523.955,8.58782,24,1.5520371e-10,1.0001465,1.0006593,0.00014650077,0.00065930118,2.5128478,0.016390377
524.004,8.5865,24,3.5405116e-10,1.0001465,1.0006591,0.00014647714,0.00065911266,2.5130828,0.016386325
524.317,8.57808,24,2.7235164e-08,1.0001463,1.0006579,0.00014632652,0.0006579108,2.5145839,0.016360484
524.362,8.57687,24,2.8614039e-09,1.0001463,1.0006577,0.00014630486,0.00065773816,2.5147997,0.016356773
524.379,8.57642,24,3.5358572e-08,1.0001463,1.0006577,0.00014629692,0.00065767404,2.5148813,0.016355384
524.857,8.56355,24,2.1268968e-09,1.0001461,1.0006558,0.000146066,0.0006558389,2.5171737,0.016315968
525.423,8.54829,48,1.0301537e-08,1.0001458,1.0006537,0.00014579117,0.00065366552,2.5198882,0.016269349
525.481,8.54674,24,1.095188e-08,1.0001458,1.0006534,0.00014576344,0.00065344507,2.5201664,0.016264603
525.704,8.54074,12,3.7772949e-08,1.0001457,1.0006526,0.00014565535,0.0006525916,2.5212359,0.016246291
525.879,8.53603,24,5.7275984e-08,1.0001456,1.0006519,0.00014557039,0.00065192194,2.5220752,0.016231928
526.085,8.53047,12,3.0193516e-11,1.0001455,1.0006511,0.00014546976,0.00065113162,2.5230631,0.016215003
526.105,8.52993,48,2.023177e-08,1.0001455,1.0006511,0.00014545998,0.00065105489,2.523159,0.01621336
526.331,8.52384,24,3.475877e-09,1.0001453,1.0006502,0.0001453498,0.00065018984,2.5242429,0.016194828
526.517,8.51884,48,3.2382367e-09,1.0001453,1.0006495,0.00014525944,0.00064948011,2.525135,0.016179611
526.622,8.51601,24,6.6254098e-10,1.0001452,1.0006491,0.00014520815,0.00064907846,2.5256385,0.016171011
526.67,8.51472,48,3.1489927e-08,1.0001452,1.0006489,0.00014518482,0.00064889545,2.5258687,0.016167088
526.819,8.51069,24,4.1153933e-10,1.0001451,1.0006483,0.00014511148,0.0006483236,2.5265833,0.016154865
527.017,8.50538,24,6.1925657e-10,1.000145,1.0006476,0.00014501551,0.0006475709,2.5275329,0.01613872
527.532,8.49149,24,3.0672276e-08,1.0001448,1.0006456,0.00014476276,0.00064560289,2.5300028,0.016096635
527.845,8.48308,24,3.9005491e-09,1.0001446,1.0006444,0.00014460995,0.00064441286,2.5315039,0.016071157
528.111,8.47591,48,9.8505524e-09,1.0001445,1.0006434,0.00014447913,0.00064339877,2.5327797,0.016049486
528.453,8.46671,24,2.3022574e-09,1.0001443,1.0006421,0.00014431134,0.00064209874,2.5344199,0.01602169
528.495,8.46558,24,2.318292e-10,1.0001443,1.0006419,0.00014429071,0.00064193914,2.5346213,0.016018278
528.995,8.4521,6,3.771184e-14,1.000144,1.00064,0.00014404386,0.00064003618,2.5370192,0.015977656
529.68,8.43367,24,2.0352452e-09,1.0001437,1.0006374,0.00014370606,0.00063743864,2.5403045,0.015922198
529.683,8.43358,24,6.630968e-09,1.0001437,1.0006374,0.00014370426,0.00063742587,2.5403188,0.015921938
530.327,8.4032,12,4.6463197e-10,1.0001429,1.000633,0.00014293977,0.00063302015,2.5434074,0.015845318
530.405,8.39715,16,3.127302e-08,1.0001428,1.0006321,0.00014276629,0.00063213063,2.5437815,0.015831582
530.442,8.39425,24,5.198747e-08,1.0001427,1.0006317,0.00014268298,0.00063170435,2.5439589,0.01582501
530.631,8.37957,48,3.1513762e-08,1.0001423,1.0006295,0.00014226222,0.00062954904,2.5448654,0.015791708
531.123,8.34141,12,2.3366064e-09,1.0001412,1.000624,0.00014117035,0.00062396294,2.547225,0.015705232
531.495,8.31254,24,1.979664e-10,1.0001403,1.0006198,0.00014034575,0.00061975239,2.5490091,0.015639921
531.71,8.29588,24,5.679867e-08,1.0001399,1.0006173,0.00013987063,0.00061732884,2.5500402,0.015602264
531.904,8.28083,24,8.9673608e-09,1.0001394,1.0006151,0.00013944173,0.00061514331,2.5509706,0.015568279
532.69,8.21984,24,7.101118e-09,1.0001377,1.0006063,0.00013770727,0.00060632404,2.5547402,0.015430813
532.72,8.21751,24,1.1166134e-08,1.0001376,1.000606,0.00013764112,0.00060598831,2.5548841,0.015425571
533.173,8.18233,12,3.3653333e-08,1.0001366,1.0006009,0.00013664341,0.00060092992,2.5570566,0.015346482
533.717,8.14011,12,2.1740452e-10,1.0001354,1.0005949,0.00013544889,0.00059488593,2.5596656,0.015251735
534.333,8.09235,24,2.1103174e-08,1.0001341,1.0005881,0.00013410148,0.00058808398,2.5626199,0.015144769
535.672,7.98846,12,9.9140207e-09,1.0001312,1.0005734,0.00013118352,0.0005734161,2.5690416,0.014912969
537.014,7.88432,24,4.8728736e-08,1.0001283,1.0005589,0.00012827727,0.00055888964,2.5754778,0.014681777
537.308,7.86153,24,5.796668e-08,1.0001276,1.0005557,0.00012764394,0.00055573438,2.5768878,0.014631329
538.433,7.77416,24,1.3232205e-10,1.0001252,1.0005437,0.00012522381,0.00054371635,2.5822832,0.014438491
538.67,7.7558,24,2.0619792e-08,1.0001247,1.0005412,0.00012471722,0.00054120691,2.5834198,0.014398054
540.066,7.64752,12,3.1563784e-08,1.0001217,1.0005265,0.00012174156,0.0005265193,2.5901149,0.014160343
541.364,7.54678,16,5.4578484e-08,1.000119,1.000513,0.00011899259,0.00051302725,2.59634,0.013940306
542.866,7.43019,12,2.3149871e-08,1.0001158,1.0004976,0.00011583538,0.00049762099,2.6035435,0.013686969
543.073,7.41413,12,2.0124257e-11,1.0001154,1.0004955,0.0001154026,0.00049551641,2.6045363,0.013652179
544.684,7.28914,12,3.0544201e-08,1.0001121,1.0004793,0.00011205193,0.00047928267,2.6122625,0.013382328
546.289,7.16461,3,1.5126492e-08,1.0001087,1.0004634,0.00010874508,0.00046336577,2.6199599,0.013115054
741.96,10.3295,6,1.1837968e-13,1.0003532,1.0010439,0.00035321236,0.0010439129,3.558383,0.01392191
747.491,10.4314,24,7.6180536e-11,1.0003638,1.0010669,0.00036380465,0.0010668801,3.5849092,0.013955218
752.114,10.5165,6,4.55734e-13,1.0003728,1.0010863,0.00037280741,0.0010862822,3.6070808,0.013982588
752.599,10.5255,24,1.8158604e-10,1.0003738,1.0010883,0.00037376518,0.0010883442,3.6094068,0.013985535
756.186,10.5915,24,5.8677179e-10,1.0003809,1.0011035,0.00038085723,0.0011035469,3.6266098,0.014006475
759.977,10.6368,24,1.0520828e-09,1.0003867,1.0011146,0.00038666827,0.0011146038,3.6447911,0.013996213
761.328,10.6352,24,1.5376233e-10,1.0003875,1.0011148,0.00038746007,0.0011148287,3.6512704,0.013969275
765.5,10.6302,48,5.9532356e-10,1.0003899,1.0011155,0.00038989449,0.0011155054,3.671279,0.01388661
765.898,10.6297,6,9.740512e-13,1.0003901,1.0011156,0.00039012453,0.0011155647,3.6731878,0.013878741
766.182,10.6294,24,1.2055189e-09,1.0003903,1.0011156,0.00039029278,0.0011156189,3.6745498,0.013873205
767.955,10.6273,24,1.4266159e-09,1.0003913,1.0011159,0.00039132553,0.0011159087,3.683053,0.013838441
769.423,10.6255,48,3.0478756e-09,1.0003922,1.0011161,0.00039217475,0.0011161347,3.6900934,0.013809699
769.883,10.625,24,2.4891308e-09,1.0003924,1.0011162,0.00039244533,0.0011162188,3.6922995,0.013800798
772.3,10.6221,24,2.7337792e-09,1.0003938,1.0011166,0.00039384492,0.0011166015,3.7038913,0.013753852
774.198,10.6198,48,6.713526e-09,1.0003949,1.0011169,0.00039493994,0.0011168954,3.7129939,0.013717163
775.934,10.6177,12,1.1077243e-09,1.0003959,1.0011172,0.00039593995,0.0011171636,3.7213197,0.013683767
776.281,10.6173,24,5.074012e-10,1.0003961,1.0011172,0.00039614109,0.0011172212,3.7229838,0.013677135
776.562,10.617,12,1.9644793e-09,1.0003963,1.0011173,0.00039630572,0.0011172728,3.7243315,0.0136718
777.266,10.6161,24,4.95294e-09,1.0003967,1.0011174,0.00039670689,0.0011173707,3.7277078,0.013658259
777.434,10.6159,24,1.0073871e-09,1.0003968,1.0011174,0.00039680368,0.0011173972,3.7285135,0.01365505
777.454,10.6159,24,1.2685351e-10,1.0003968,1.0011174,0.00039681698,0.0011174053,3.7286095,0.013654699
777.767,10.6155,24,1.8737674e-09,1.000397,1.0011174,0.00039699522,0.0011174488,3.7301106,0.013648689
777.845,10.6154,6,5.822074e-13,1.000397,1.0011175,0.0003970396,0.0011174595,3.7304847,0.013647192
777.975,10.6153,24,2.7516448e-09,1.0003971,1.0011175,0.00039711855,0.0011174915,3.7311081,0.013644783
778.107,10.6151,24,4.5069668e-09,1.0003972,1.0011175,0.00039719135,0.0011175032,3.7317412,0.013642211
778.2,10.615,24,2.6061508e-09,1.0003972,1.0011175,0.00039724569,0.0011175201,3.7321872,0.013640452
778.546,10.6146,8,1.7726e-09,1.0003974,1.0011176,0.00039744572,0.0011175769,3.7338466,0.013633876
778.907,10.6142,24,3.845372e-09,1.0003977,1.0011176,0.00039765565,0.0011176398,3.7355779,0.013627044
780.285,10.6713,48,2.460594e-09,1.0004029,1.0011303,0.00040286336,0.0011302943,3.7421867,0.013676157
780.742,10.7056,48,5.0482488e-10,1.0004058,1.0011378,0.00040576152,0.0011377793,3.7443785,0.013712084
782.809,10.8608,8,1.990716e-09,1.000419,1.001172,0.0004190265,0.0011719722,3.7542916,0.013874138
783.999,10.9501,12,2.0681505e-09,1.0004268,1.0011919,0.00042677274,0.0011918887,3.7599988,0.013966982
784.133,10.9601,24,2.9451476e-09,1.0004276,1.0011941,0.00042764588,0.0011941303,3.7606414,0.013977348
785.5,11.0627,6,8.973536e-14,1.0004367,1.0012173,0.00043665902,0.0012172542,3.7671975,0.014083641
786.078,11.1061,12,2.1584104e-10,1.0004405,1.0012271,0.00044050457,0.001227106,3.7699695,0.014128496
787.838,11.2382,48,2.98385e-09,1.0004523,1.0012574,0.00045233181,0.0012573511,3.7784103,0.014264608
788.801,11.3105,24,5.5475848e-10,1.0004589,1.0012741,0.00045888266,0.0012740691,3.7830288,0.014338851
789.456,11.3597,48,9.1487722e-10,1.0004634,1.0012855,0.00046337185,0.0012855123,3.7861701,0.014389276
790.458,11.4349,24,5.1530362e-11,1.0004703,1.0013031,0.00047028361,0.0013031075,3.7909756,0.01446617
791.403,11.5059,8,7.98068e-10,1.0004769,1.0013198,0.00047686368,0.0013198355,3.7955078,0.014538611
793.187,11.6397,48,2.2491328e-10,1.0004894,1.0013517,0.00048941245,0.0013516678,3.8040637,0.014674598
796.125,11.8603,24,7.584076e-10,1.0005105,1.001405,0.00051051855,0.0014050259,3.8181541,0.014897535
797.379,11.9544,24,1.30102e-09,1.0005197,1.0014281,0.00051968196,0.0014281198,3.8241682,0.014992118
797.407,11.9564,12,2.9867354e-12,1.0005199,1.0014286,0.00051987889,0.0014286135,3.8243025,0.0149941
799.893,12.1431,24,1.9475048e-11,1.0005383,1.001475,0.00053834658,0.0014750313,3.8362252,0.015180905
800.525,12.1562,24,4.68492e-10,1.0005401,1.0014786,0.00054005082,0.0014785615,3.8392562,0.015185285
800.561,12.1534,48,4.62689e-10,1.0005398,1.0014779,0.00053983357,0.0014778977,3.8394289,0.015181104
805.622,11.7589,24,7.822856e-10,1.0005095,1.0013858,0.00050949932,0.0013857543,3.863701,0.014596051
806.677,11.6766,24,5.152866e-11,1.0005032,1.0013669,0.00050324302,0.0013668824,3.8687607,0.014474939
810.211,11.4011,48,5.8866626e-10,1.0004825,1.0013046,0.00048249022,0.001304596,3.8857095,0.014071766
814.079,11.0996,8,1.725476e-10,1.0004601,1.001238,0.00046012068,0.0012380024,3.9042601,0.013634549
815.689,10.9741,24,6.9398652e-11,1.0004509,1.0012108,0.00045091741,0.0012107686,3.9119816,0.01345378
818.912,10.7228,24,1.9410368e-10,1.0004327,1.0011571,0.00043268446,0.0011570976,3.9274388,0.013093959
823.941,10.5532,24,4.5096644e-11,1.0004224,1.0011226,0.00042236447,0.0011226388,3.9515575,0.012808199
828.766,10.5532,8,2.940992e-12,1.0004255,1.0011245,0.0004254592,0.0011245111,3.9746979,0.01273363
