# (kmesh_convergence_9p1.py): internal SCPH-mesh dependence of construction C, own surface,
# SELF_OFFDIAG = 1, 300 K, 11^3 assembly. eta_C_a = own RTA linewidths of the same surface (production rule);
# eta_C_b = linewidths and frequency-class map fixed at the 2/2-surface values (isolates frequencies + couplings).
# resid = anphon DIFF (rms frequency change per iteration over the interpolation grid, Ry; *_cm1 converted);
# strain signal = rms |omega(+h) - omega(-h)| over 11^3 (h = 0.010). Imaginary counts: threshold -0.5 cm^-1,
# three Gamma translations excluded. TT2015 = Tadano & Tsuneyuki, PRB 92, 054301, Table I (300 K).
# delta_prev = |eta_C(n) - eta_C(n_prev)| / |eta_C(n)| within the chain of fixed KMESH_INTERPOLATE.
mesh,KMESH_INTERPOLATE,KMESH_SCPH,nk_scph,status,iter_ref,resid_ref,wall_s_ref,iter_p005,resid_p005,wall_s_p005,iter_m005,resid_m005,wall_s_m005,last3_DIFF_cm1,resid_ref_cm1,strain_signal_rms_cm1,strain_signal_median_abs_cm1,noise_over_signal,TO1_cm1,TO2_cm1,LO1_cm1,X_lowest_cm1,M_lowest_cm1,R_AFD_cm1,R_second_cm1,R5+_cm1,TO1_vs_exp_pct,TO2_vs_exp_pct,LO1_vs_exp_pct,R_AFD_vs_exp_pct,R5+_vs_exp_pct,TO1_TT2015_12cubed_cm1,TO1_vs_TT12_pct,R_AFD_TT2015_12cubed_cm1,R_AFD_vs_TT12_pct,M_lowest_TT2015_12cubed_cm1,M_lowest_vs_TT12_pct,TO1_TT2015_2cubed_cm1,R_AFD_TT2015_2cubed_cm1,M_lowest_TT2015_2cubed_cm1,n_imag_solution_grid,n_imag_8cubed,n_imag_11cubed,n_imag_11cubed_p005,n_imag_11cubed_m005,eta_C_a_Pas,eta_B_a_Pas,eta_A_a_Pas,top20_share_C_a,eta_C_b_Pas,eta_C_b_over_a,frac_eta_C_Rregion_R4branch,frac_eta_C_Rshell,eta_weighted_tau_ps_a,kappa_300K_W_mK,kappa_vs_calc_8p7_pct,kappa_vs_meas_11p0_pct,tau_med_ps_0_50,tau_med_ps_50_100,tau_med_ps_100_150,delta_prev_a_pct,delta_prev_b_pct
i2s2,2,2,8,strained + eta,30,8.21189e-11,60.6,31,8.44719e-11,58.3,31,9.31816e-11,56.5,1.43e-05;1.14e-05;9.01e-06,9.0115e-06,2.11369,0.8652,4.2634e-06,140.873,191.87,173.696,114.141,98.016,63.3913,63.3913,140.74,58.3559,9.64009,1.57664,21.9064,-2.93774,135,4.35066,35,81.1181,85,15.3129,144,69,103,0,0,0,0,0,0.000585481,0.000849757,0.00192209,0.0727208,0.000585481,1,0.0193599,0.0263199,2.64961,9.1105,4.71839,-17.1773,29630.1,3.91496,2.95343,,
i2s4,2,4,64,strained + eta,47,9.43777e-11,48.4,93,9.41923e-11,55.1,93,9.45083e-11,56,1.81e-05;1.37e-05;1.04e-05,1.03568e-05,2.09103,0.8277,4.95294e-06,129.709,185.033,171.324,112.482,83.3306,34.9189,34.9189,139.212,45.8056,5.73329,0.189613,-32.8483,-3.99168,135,-3.9195,35,-0.231818,85,-1.964,144,69,103,0,0,0,0,0,0.000504469,0.000792818,0.0017388,0.0930834,0.000662506,1.31327,0.0594924,0.0661065,1.96167,7.8817,-9.40575,-28.3482,4.75639,2.83401,2.15922,16.0589,11.6263
i2s8,2,8,512,strained + eta,47,9.71153e-11,92.8,98,9.34412e-11,153.7,104,8.99892e-11,157.3,1.88e-05;1.41e-05;1.07e-05,1.06572e-05,2.0824,0.8066,5.11774e-06,126.356,183.56,170.602,111.972,78.2971,18.7946,18.7946,138.722,42.0365,4.89162,-0.232849,-63.8565,-4.32972,135,-6.40318,35,-46.301,85,-7.88571,144,69,103,0,0,0,0,0,0.000419363,0.000749936,0.00150529,0.10954,0.000678356,1.61759,0.0877642,0.0938219,1.53666,6.9311,-20.3322,-36.99,3.4643,2.3174,1.74133,20.2941,2.33653
i2s12,2,12,1728,strained + eta,48,8.46322e-11,248.5,111,9.92474e-11,500.6,113,9.64525e-11,483.8,1.58e-05;1.21e-05;9.29e-06,9.28731e-06,2.07925,0.7967,4.46665e-06,125.904,183.452,170.477,111.871,77.238,13.0778,13.0778,138.622,41.5291,4.82982,-0.30586,-74.8504,-4.39874,135,-6.73756,35,-62.6348,85,-9.13174,144,69,103,0,0,0,0,0,0.000362881,0.000699143,0.00138114,0.129361,0.000680547,1.8754,0.108763,0.114416,1.26222,6.3231,-27.3207,-42.5173,2.8801,1.90698,1.49902,15.5649,0.321947
i2s16,2,16,4096,reference only (strained sets not feasible in memory),49,8.47893e-11,486.9,,,,,,,1.59e-05;1.21e-05;9.30e-06,9.30455e-06,,,,125.763,183.432,170.433,111.833,76.8426,10.1241,10.1241,138.584,41.3707,4.8183,-0.331544,-80.5306,-4.42453,135,-6.84193,35,-71.0741,85,-9.59692,144,69,103,0,0,0,,,,,,,,,,,,5.833,-32.954,-46.9727,2.31986,1.42753,1.24364,,
i3s12,3,12,1728,strained + eta,47,8.4655e-11,215.6,110,9.38951e-11,522.2,112,9.07849e-11,525.7,1.61e-05;1.22e-05;9.29e-06,9.28982e-06,7.34247,2.12,1.26522e-06,125.932,183.458,170.486,111.851,96.3808,-32.4654,-32.4654,137.539,41.5604,4.83342,-0.300849,-162.433,-5.14521,135,-6.71695,35,-192.758,85,13.3892,144,69,103,9,3,0,0,0,0.00330061,0.00147113,0.00200505,0.0978859,0.00538598,1.63181,0.00723329,0.00805233,1.65562,6.8938,-20.7609,-37.3291,5.38414,2.28151,1.69942,,
i4s4,4,4,64,strained + eta,46,9.99239e-11,79.6,46,9.34269e-11,103,46,9.3579e-11,95,1.93e-05;1.45e-05;1.10e-05,1.09654e-05,2.01729,0.7791,5.43571e-06,129.717,185.038,171.326,112.483,83.3314,34.9221,34.9221,139.213,45.8154,5.73611,0.190518,-32.8422,-3.99125,135,-3.91306,35,-0.222674,85,-1.96304,144,69,103,0,0,0,0,0,0.000498139,0.000791527,0.00174245,0.0939767,0.00065725,1.31941,0.0554361,0.0622745,1.98427,7.8803,-9.42184,-28.3609,4.75347,2.83332,2.14568,,
i4s8,4,8,512,strained + eta,47,7.53509e-11,249,48,9.38692e-11,448.9,51,9.72026e-11,353.7,1.46e-05;1.10e-05;8.27e-06,8.26881e-06,2.02114,0.7743,4.09116e-06,126.367,183.566,170.604,111.973,78.2981,18.8006,18.8006,138.723,42.049,4.89469,-0.231742,-63.8449,-4.32907,135,-6.39494,35,-46.2839,85,-7.88463,144,69,103,0,0,0,0,0,0.000411062,0.000740315,0.00147671,0.0999242,0.00067355,1.63856,0.0793555,0.0856452,1.54002,6.9312,-20.331,-36.9891,3.41784,2.19797,1.72438,21.1834,2.42001
i4s12,4,12,1728,reference only (strained sets not feasible in memory),47,8.24577e-11,369.9,,,,,,,1.56e-05;1.19e-05;9.05e-06,9.04868e-06,,,,125.915,183.457,170.479,111.872,77.2388,13.0848,13.0848,138.623,41.5415,4.83281,-0.304771,-74.8369,-4.39808,135,-6.72939,35,-62.6148,85,-9.13088,144,69,103,0,0,0,,,,,,,,,,,,6.3258,-27.2897,-42.4927,2.81119,1.81827,1.45556,,
