# (narrative_facts_10.py): eta by bare-omega_0 (partner) bin and by omega_r bin, constructions C (production) and A on the same surface, 300 K, 11^3.
axis,bin,n_modes,eta_C_Pas,frac_C,eta_A_Pas,frac_A,eta_wt_gamma_C2,eta_wt_tau_ps
omega0_partner,"[-inf, 0.0)",99,5.52775e-05,0.116388,0.000123102,0.133801,63.1955,0.947773
omega0_partner,"[0.0, 25.0)",36,1.40583e-06,0.00296,8.18788e-07,0.000889949,6.67107,0.955259
omega0_partner,"[25.0, 50.0)",124,1.06285e-06,0.00223786,5.38829e-05,0.0585659,0.984822,0.962226
omega0_partner,"[50.0, 100.0)",1464,0.000121825,0.256505,0.000332144,0.361011,3.29289,2.25188
omega0_partner,"[100.0, 150.0)",3572,0.000267561,0.563355,0.000380846,0.413945,2.19535,2.16592
omega0_partner,"[150.0, 175.0)",1487,1.06899e-05,0.0225079,1.32534e-05,0.0144053,1.63306,0.84304
omega0_partner,"[175.0, 300.0)",4273,1.30619e-05,0.0275021,1.23027e-05,0.0133719,0.722656,0.631035
omega0_partner,"[300.0, inf)",8907,4.05795e-06,0.00854411,3.6892e-06,0.00400983,0.21073,0.592547
omega_r,"[0.0, 25.0)",0,0,0,0,0,,
omega_r,"[25.0, 50.0)",24,1.19475e-07,0.000251557,7.29312e-06,0.00792697,0.530104,1.05691
omega_r,"[50.0, 100.0)",570,7.37439e-05,0.15527,0.000308432,0.335238,46.8317,1.39935
omega_r,"[100.0, 150.0)",3967,0.000363246,0.764822,0.000564807,0.613895,2.8157,2.18609
omega_r,"[150.0, 175.0)",1028,1.19816e-05,0.0252276,1.65383e-05,0.0179757,1.72884,1.16918
omega_r,"[175.0, 300.0)",5062,2.14714e-05,0.0452085,1.89399e-05,0.0205859,1.02507,0.664022
omega_r,"[300.0, inf)",9311,4.3792e-06,0.00922051,4.02853e-06,0.00437865,0.202032,0.591864
