# partner_basis_sensitivity.py: hybrid model 2^3/12^3, 300 K, 11^3; random Hermitian perturbation 1e-10 of every
# diagonalised dynamical matrix (seeds 0-5) selects an arbitrary basis inside exact multiplets; rel_pct relative to
# the unperturbed production evaluation.
seed,eta_A_Pas,eta_B_Pas,eta_C_Pas,eta_A_rel_pct,eta_B_rel_pct,eta_C_rel_pct
production,0.0009200385072,0.0006938524197,0.0004749411342,0,0,0
0,0.0009201260666,0.0006935230923,0.0004746940203,0.009516920315,-0.04746361347,-0.05203043837
1,0.0009233347202,0.0006936067509,0.0004747495173,0.3582690201,-0.03540648664,-0.04034541537
2,0.0009307549817,0.0006938673492,0.0004749249516,1.164785424,0.002151683067,-0.003407283403
3,0.0009232886055,0.0006939410376,0.0004750038063,0.3532567624,0.01277186919,0.01319576377
4,0.0009232023694,0.0006939357936,0.0004749912268,0.3438836688,0.01201608845,0.01054710676
5,0.0009183601788,0.000693518122,0.0004746868413,-0.1824193704,-0.04817993582,-0.05354199295
