# selection_6p3a.csv - (select_modes.py) from mode_table_SrTiO3_300K_v4.csv;
# eta_total(300 K) = 1.148259e-03 Pa s (tutorial surface, direct matching, 11^3 mesh);
# omega_r_cm1 and bare_renorm_overlap are the PRODUCTION (tutorial-surface) values; the coupling_selected.py
# comparison is done on the own-surface renormalised basis at the same q.  star = cubic star label.
iq,qa,qb,qc,branch,omega0_cm1,omega_r_cm1,sector,eta_contrib_Pas,bare_renorm_overlap,Gamma_anh_cm1,gamma_xy_tensor,group,eta_share_pct,star
1221,0.909091,0.0909091,0,2,20.7891,62.2051,routeH_stable,3.97482e-05,0.597202,1.74614,22.3128,"P[0,25)",3.46161,"(1,1,0)/11"
231,0.0909091,0.909091,0,2,20.7891,62.2051,routeH_stable,3.97482e-05,0.597203,1.74614,22.3128,"P[0,25)",3.46161,"(1,1,0)/11"
132,0.0909091,0.0909091,0,2,20.7891,62.2051,routeH_stable,3.92203e-05,0.597202,1.74614,-22.1641,"P[0,25)",3.41563,"(1,1,0)/11"
1320,0.909091,0.909091,0,2,20.7891,62.2051,routeH_stable,3.92203e-05,0.597203,1.74614,-22.1641,"P[0,25)",3.41563,"(1,1,0)/11"
1231,0.909091,0.0909091,0.909091,1,35.7871,71.8605,routeH_stable,1.06623e-05,0.736491,1.74614,11.5752,"P[25,50)",0.928562,"(1,1,1)/11"
1222,0.909091,0.0909091,0.0909091,1,35.7871,71.8605,routeH_stable,1.06623e-05,0.736491,1.74614,11.5752,"P[25,50)",0.928562,"(1,1,1)/11"
241,0.0909091,0.909091,0.909091,1,35.7871,71.8605,routeH_stable,1.06623e-05,0.736491,1.74614,11.5752,"P[25,50)",0.928562,"(1,1,1)/11"
232,0.0909091,0.909091,0.0909091,1,35.7871,71.8605,routeH_stable,1.06623e-05,0.736491,1.74614,11.5752,"P[25,50)",0.928562,"(1,1,1)/11"
1330,0.909091,0.909091,0.909091,2,35.7871,71.8605,routeH_stable,1.04402e-05,0.736491,1.74614,-11.454,"P[25,50)",0.90922,"(1,1,1)/11"
1321,0.909091,0.909091,0.0909091,2,35.7871,71.8605,routeH_stable,1.04402e-05,0.736491,1.74614,-11.454,"P[25,50)",0.90922,"(1,1,1)/11"
142,0.0909091,0.0909091,0.909091,2,35.7871,71.8605,routeH_stable,1.04402e-05,0.736491,1.74614,-11.454,"P[25,50)",0.90922,"(1,1,1)/11"
133,0.0909091,0.0909091,0.0909091,2,35.7871,71.8605,routeH_stable,1.04402e-05,0.736491,1.74614,-11.454,"P[25,50)",0.90922,"(1,1,1)/11"
10,0,0,0.909091,4,39.941,41.0033,routeH_stable,1.03167e-06,0.916016,1.74614,-3.57987,"P[25,50)",0.0898464,"(1,0,0)/11"
1,0,0,0.0909091,4,39.941,41.0033,routeH_stable,1.03167e-06,0.916016,1.74614,-3.57987,"P[25,50)",0.0898464,"(1,0,0)/11"
1,0,0,0.0909091,3,39.941,41.0033,routeH_stable,9.86247e-07,0.916016,1.74614,3.50019,"P[25,50)",0.0858906,"(1,0,0)/11"
10,0,0,0.909091,3,39.941,41.0033,routeH_stable,9.86247e-07,0.916016,1.74614,3.50019,"P[25,50)",0.0858906,"(1,0,0)/11"
3,0,0,0.272727,1,45.8522,98.0704,routeH_stable,7.8512e-07,0.733413,1.74614,3.15614,"P[25,50)",0.0683748,"(3,0,0)/11"
8,0,0,0.727273,1,45.8522,98.0704,routeH_stable,7.8512e-07,0.733413,1.74614,3.15614,"P[25,50)",0.0683748,"(3,0,0)/11"
3,0,0,0.272727,2,45.8522,98.0704,routeH_stable,7.65815e-07,0.733413,1.74614,-3.1171,"P[25,50)",0.0666936,"(3,0,0)/11"
8,0,0,0.727273,2,45.8522,98.0704,routeH_stable,7.65815e-07,0.733413,1.74614,-3.1171,"P[25,50)",0.0666936,"(3,0,0)/11"
121,0.0909091,0,0,1,-62.1637,170.6,routeH_unstable,4.16073e-13,0.91541,1.74614,0.00234158,"P_shell(1,0,0)/11",3.62351e-08,"(1,0,0)/11"
121,0.0909091,0,0,2,-62.1637,170.6,routeH_unstable,3.23361e-13,0.91541,1.74614,0.00206428,"P_shell(1,0,0)/11",2.8161e-08,"(1,0,0)/11"
121,0.0909091,0,0,3,39.941,41.0033,routeH_stable,1.67231e-11,0.916016,1.74614,-0.0144131,"P_shell(1,0,0)/11",1.45639e-06,"(1,0,0)/11"
121,0.0909091,0,0,4,39.941,41.0033,routeH_stable,8.23019e-11,0.916016,1.74614,-0.0319745,"P_shell(1,0,0)/11",7.16754e-06,"(1,0,0)/11"
121,0.0909091,0,0,5,61.407,64.5193,routeH_stable,7.6963e-10,0.999625,0.692681,-0.0619395,"P_shell(1,0,0)/11",6.70258e-05,"(1,0,0)/11"
121,0.0909091,0,0,6,156.599,183.153,routeH_stable,1.54705e-11,0.999002,2.118,0.0157907,"P_shell(1,0,0)/11",1.3473e-06,"(1,0,0)/11"
121,0.0909091,0,0,7,156.599,183.153,routeH_stable,2.97208e-13,0.999002,2.118,0.00218866,"P_shell(1,0,0)/11",2.58834e-08,"(1,0,0)/11"
121,0.0909091,0,0,8,165.743,191.049,routeH_stable,1.0474e-12,0.999115,1.97095,-0.00397481,"P_shell(1,0,0)/11",9.12163e-08,"(1,0,0)/11"
121,0.0909091,0,0,9,231.21,256.572,routeS,2.02434e-12,1,3.8424,-0.00792937,"P_shell(1,0,0)/11",1.76296e-07,"(1,0,0)/11"
121,0.0909091,0,0,10,232.036,256.572,routeS,5.86152e-13,0.999831,3.8424,-0.00426679,"P_shell(1,0,0)/11",5.1047e-08,"(1,0,0)/11"
121,0.0909091,0,0,11,232.036,256.572,routeS,1.83021e-13,0.999831,3.8424,-0.00238422,"P_shell(1,0,0)/11",1.5939e-08,"(1,0,0)/11"
121,0.0909091,0,0,12,451.357,471.939,routeS,2.62192e-14,0.99905,2.74572,-0.000880187,"P_shell(1,0,0)/11",2.28339e-09,"(1,0,0)/11"
121,0.0909091,0,0,13,532.329,545.264,routeS,1.51308e-14,0.999987,6.74802,-0.00111863,"P_shell(1,0,0)/11",1.31772e-09,"(1,0,0)/11"
121,0.0909091,0,0,14,532.329,545.264,routeS,1.23679e-14,0.999987,6.74802,-0.00101136,"P_shell(1,0,0)/11",1.0771e-09,"(1,0,0)/11"
121,0.0909091,0,0,15,767.76,778.801,routeS,1.02817e-14,0.99954,10.2812,0.00146926,"P_shell(1,0,0)/11",8.95416e-10,"(1,0,0)/11"
132,0.0909091,0.0909091,0,1,-46.6343,174.891,routeH_unstable,3.83735e-12,0.672319,1.74614,-0.00712122,"P_shell(1,1,0)/11",3.34188e-07,"(1,1,0)/11"
132,0.0909091,0.0909091,0,2,20.7891,62.2051,routeH_stable,3.92203e-05,0.597202,1.74614,-22.1641,"P_shell(1,1,0)/11",3.41563,"(1,1,0)/11"
132,0.0909091,0.0909091,0,3,64.5133,56.7615,routeH_stable,5.20211e-08,0.672454,0.692681,-0.50874,"P_shell(1,1,0)/11",0.00453043,"(1,1,0)/11"
132,0.0909091,0.0909091,0,4,70.4594,172.668,routeH_stable,4.56555e-07,0.58787,2.1651,-2.73286,"P_shell(1,1,0)/11",0.0397606,"(1,1,0)/11"
132,0.0909091,0.0909091,0,5,82.4339,84.8814,routeH_stable,8.8902e-08,0.997092,0.692681,0.66771,"P_shell(1,1,0)/11",0.00774233,"(1,1,0)/11"
132,0.0909091,0.0909091,0,6,155.037,182.696,routeH_stable,7.23787e-10,0.998522,2.12652,-0.108207,"P_shell(1,1,0)/11",6.30334e-05,"(1,1,0)/11"
132,0.0909091,0.0909091,0,7,163.119,186.946,routeH_stable,5.19474e-08,0.996869,2.04737,0.900855,"P_shell(1,1,0)/11",0.00452401,"(1,1,0)/11"
132,0.0909091,0.0909091,0,8,177.846,202.018,routeS,1.21264e-06,0.973896,2.08517,-4.417,"P_shell(1,1,0)/11",0.105607,"(1,1,0)/11"
132,0.0909091,0.0909091,0,9,225.89,252.72,routeS,4.3836e-08,0.999518,4.06706,1.19819,"P_shell(1,1,0)/11",0.00381761,"(1,1,0)/11"
132,0.0909091,0.0909091,0,10,236.735,259.653,routeS,8.79665e-11,1,3.66997,0.0511626,"P_shell(1,1,0)/11",7.66086e-06,"(1,1,0)/11"
132,0.0909091,0.0909091,0,11,245.989,265.947,routeS,1.82014e-08,0.999077,3.36896,-0.707357,"P_shell(1,1,0)/11",0.00158513,"(1,1,0)/11"
132,0.0909091,0.0909091,0,12,452.628,472.871,routeS,9.09801e-09,0.999196,2.74218,-0.518558,"P_shell(1,1,0)/11",0.000792331,"(1,1,0)/11"
132,0.0909091,0.0909091,0,13,530.568,543.733,routeS,6.85947e-13,0.99999,7.13458,0.00773314,"P_shell(1,1,0)/11",5.9738e-08,"(1,1,0)/11"
132,0.0909091,0.0909091,0,14,534.15,543.733,routeS,1.88139e-09,0.999849,7.13458,0.404995,"P_shell(1,1,0)/11",0.000163847,"(1,1,0)/11"
132,0.0909091,0.0909091,0,15,766.291,777.114,routeS,2.30409e-09,0.999483,10.1717,-0.690387,"P_shell(1,1,0)/11",0.000200659,"(1,1,0)/11"
133,0.0909091,0.0909091,0.0909091,1,35.7871,71.8605,routeH_stable,1.84687e-07,0.736491,1.74614,1.52342,"P_shell(1,1,1)/11",0.0160841,"(1,1,1)/11"
133,0.0909091,0.0909091,0.0909091,2,35.7871,71.8605,routeH_stable,1.04402e-05,0.736491,1.74614,-11.454,"P_shell(1,1,1)/11",0.90922,"(1,1,1)/11"
133,0.0909091,0.0909091,0.0909091,3,86.9961,175.653,routeH_stable,2.6711e-08,0.724952,2.23863,0.672806,"P_shell(1,1,1)/11",0.00232622,"(1,1,1)/11"
133,0.0909091,0.0909091,0.0909091,4,86.9961,175.653,routeH_stable,3.38457e-07,0.724952,2.23863,-2.39495,"P_shell(1,1,1)/11",0.0294757,"(1,1,1)/11"
133,0.0909091,0.0909091,0.0909091,5,97.7041,99.8679,routeH_stable,2.19066e-07,0.988778,0.763675,1.10348,"P_shell(1,1,1)/11",0.0190781,"(1,1,1)/11"
133,0.0909091,0.0909091,0.0909091,6,162.918,184.063,routeH_stable,1.23453e-08,0.988609,2.10107,0.444423,"P_shell(1,1,1)/11",0.00107513,"(1,1,1)/11"
133,0.0909091,0.0909091,0.0909091,7,176.912,201.968,routeS,2.12237e-08,0.970471,2.08306,0.584042,"P_shell(1,1,1)/11",0.00184834,"(1,1,1)/11"
133,0.0909091,0.0909091,0.0909091,8,176.912,201.968,routeS,9.16582e-07,0.970471,2.08306,-3.83813,"P_shell(1,1,1)/11",0.0798236,"(1,1,1)/11"
133,0.0909091,0.0909091,0.0909091,9,219.979,249.144,routeS,2.06266e-08,1,4.27563,0.841245,"P_shell(1,1,1)/11",0.00179634,"(1,1,1)/11"
133,0.0909091,0.0909091,0.0909091,10,251.58,269.727,routeS,2.48794e-09,0.9991,3.18817,0.254899,"P_shell(1,1,1)/11",0.000216671,"(1,1,1)/11"
133,0.0909091,0.0909091,0.0909091,11,251.58,269.727,routeS,9.86255e-09,0.9991,3.18817,-0.507507,"P_shell(1,1,1)/11",0.000858913,"(1,1,1)/11"
133,0.0909091,0.0909091,0.0909091,12,453.745,473.635,routeS,2.47262e-09,0.999315,2.73928,-0.270365,"P_shell(1,1,1)/11",0.000215336,"(1,1,1)/11"
133,0.0909091,0.0909091,0.0909091,13,532.515,542.318,routeS,2.71198e-09,0.999756,7.49178,0.497587,"P_shell(1,1,1)/11",0.000236182,"(1,1,1)/11"
133,0.0909091,0.0909091,0.0909091,14,532.515,542.318,routeS,1.30084e-09,0.999756,7.49178,-0.344617,"P_shell(1,1,1)/11",0.000113288,"(1,1,1)/11"
133,0.0909091,0.0909091,0.0909091,15,766.035,775.76,routeS,7.96015e-10,0.999468,10.1792,-0.405268,"P_shell(1,1,1)/11",6.93236e-05,"(1,1,1)/11"
242,0.181818,0,0,1,-24.9895,88.9641,routeH_unstable,1.92932e-11,0.552251,1.74614,0.015618,"P_shell(2,0,0)/11",1.68021e-06,"(2,0,0)/11"
242,0.181818,0,0,2,-24.9895,88.9641,routeH_unstable,1.91768e-11,0.552251,1.74614,0.0155708,"P_shell(2,0,0)/11",1.67008e-06,"(2,0,0)/11"
242,0.181818,0,0,3,90.1855,178.631,routeH_stable,4.33806e-12,0.552093,2.20224,-0.00851289,"P_shell(2,0,0)/11",3.77795e-07,"(2,0,0)/11"
242,0.181818,0,0,4,90.1855,178.631,routeH_stable,6.4459e-12,0.552092,2.20224,-0.010377,"P_shell(2,0,0)/11",5.61363e-07,"(2,0,0)/11"
242,0.181818,0,0,5,106.769,113.435,routeH_stable,4.9671e-10,0.999055,0.90869,-0.0574744,"P_shell(2,0,0)/11",4.32577e-05,"(2,0,0)/11"
242,0.181818,0,0,6,152.034,182.128,routeH_stable,6.38527e-13,0.993901,2.13711,0.0032213,"P_shell(2,0,0)/11",5.56083e-08,"(2,0,0)/11"
242,0.181818,0,0,7,152.034,182.128,routeH_stable,5.54217e-11,0.993901,2.13711,0.0300111,"P_shell(2,0,0)/11",4.82658e-06,"(2,0,0)/11"
242,0.181818,0,0,8,196.877,215.134,routeS,5.92217e-14,0.998481,2.64315,-0.00110457,"P_shell(2,0,0)/11",5.15752e-09,"(2,0,0)/11"
242,0.181818,0,0,9,242.54,264.551,routeS,2.797e-12,1,3.43571,-0.00884882,"P_shell(2,0,0)/11",2.43586e-07,"(2,0,0)/11"
242,0.181818,0,0,10,247.847,267.575,routeS,1.93721e-12,0.998716,3.2911,-0.00721866,"P_shell(2,0,0)/11",1.68708e-07,"(2,0,0)/11"
242,0.181818,0,0,11,247.847,267.575,routeS,1.27728e-12,0.998716,3.2911,-0.00586154,"P_shell(2,0,0)/11",1.11236e-07,"(2,0,0)/11"
242,0.181818,0,0,12,466.007,480.59,routeS,2.98049e-13,0.998665,2.71289,-0.00297141,"P_shell(2,0,0)/11",2.59566e-08,"(2,0,0)/11"
242,0.181818,0,0,13,527.262,540.661,routeS,3.58541e-14,0.999989,7.91021,-0.0018561,"P_shell(2,0,0)/11",3.12247e-09,"(2,0,0)/11"
242,0.181818,0,0,14,527.262,540.661,routeS,2.0067e-14,0.999989,7.91021,-0.00138859,"P_shell(2,0,0)/11",1.7476e-09,"(2,0,0)/11"
242,0.181818,0,0,15,767.406,772.15,routeS,1.00575e-13,0.999251,10.2517,0.00455134,"P_shell(2,0,0)/11",8.75891e-09,"(2,0,0)/11"
253,0.181818,0.0909091,0,1,11.6094,82.1445,routeH_stable,3.83324e-09,0.687158,1.74614,0.219869,"P_shell(2,1,0)/11",0.000333831,"(2,1,0)/11"
253,0.181818,0.0909091,0,2,53.5318,85.6109,routeH_stable,1.04412e-05,0.894221,0.692681,-7.23702,"P_shell(2,1,0)/11",0.909307,"(2,1,0)/11"
253,0.181818,0.0909091,0,3,109.796,185.646,routeH_stable,3.90133e-10,0.560649,2.07157,0.0784924,"P_shell(2,1,0)/11",3.3976e-05,"(2,1,0)/11"
253,0.181818,0.0909091,0,4,110.17,118.853,routeH_stable,1.33802e-08,0.909624,0.924446,-0.30124,"P_shell(2,1,0)/11",0.00116526,"(2,1,0)/11"
253,0.181818,0.0909091,0,5,121.481,181.881,routeH_stable,3.33847e-07,0.85408,2.14169,-2.33154,"P_shell(2,1,0)/11",0.0290742,"(2,1,0)/11"
253,0.181818,0.0909091,0,6,151.126,181.334,routeH_stable,2.03524e-09,0.776945,2.15189,-0.182442,"P_shell(2,1,0)/11",0.000177246,"(2,1,0)/11"
253,0.181818,0.0909091,0,7,171.764,193.998,routeH_stable,1.54212e-07,0.963344,1.91602,-1.50541,"P_shell(2,1,0)/11",0.0134301,"(2,1,0)/11"
253,0.181818,0.0909091,0,8,207.579,226.396,routeS,1.34492e-07,0.986305,3.67235,-1.97082,"P_shell(2,1,0)/11",0.0117127,"(2,1,0)/11"
253,0.181818,0.0909091,0,9,228.914,254.208,routeS,3.2311e-08,0.996252,3.98028,1.0184,"P_shell(2,1,0)/11",0.00281391,"(2,1,0)/11"
253,0.181818,0.0909091,0,10,250.847,269.493,routeS,3.58575e-10,0.999357,3.19936,0.0969273,"P_shell(2,1,0)/11",3.12277e-05,"(2,1,0)/11"
253,0.181818,0.0909091,0,11,267.518,281.293,routeS,1.14391e-08,0.995975,2.84975,-0.519861,"P_shell(2,1,0)/11",0.000996212,"(2,1,0)/11"
253,0.181818,0.0909091,0,12,464.374,480.052,routeS,8.76423e-09,0.998707,2.71493,-0.509496,"P_shell(2,1,0)/11",0.000763262,"(2,1,0)/11"
253,0.181818,0.0909091,0,13,525.544,539.053,routeS,9.68695e-13,0.999993,8.31637,0.009877,"P_shell(2,1,0)/11",8.43621e-08,"(2,1,0)/11"
253,0.181818,0.0909091,0,14,531.583,539.876,routeS,1.51891e-11,0.999263,8.10847,0.0386496,"P_shell(2,1,0)/11",1.32279e-06,"(2,1,0)/11"
253,0.181818,0.0909091,0,15,768.113,771.825,routeS,1.46864e-09,0.99922,10.2582,-0.549943,"P_shell(2,1,0)/11",0.000127901,"(2,1,0)/11"
1325,0.909091,0.909091,0.454545,2,102.359,117.72,routeH_stable,1.01044e-06,0.990736,0.922063,-2.61374,"C1[100,125)",0.0879976,"(5,1,1)/11"
137,0.0909091,0.0909091,0.454545,2,102.359,117.72,routeH_stable,1.01044e-06,0.990736,0.922063,-2.61374,"C1[100,125)",0.0879976,"(5,1,1)/11"
138,0.0909091,0.0909091,0.545455,2,102.359,117.72,routeH_stable,1.01044e-06,0.990736,0.922063,-2.61374,"C1[100,125)",0.0879976,"(5,1,1)/11"
1326,0.909091,0.909091,0.545455,2,102.359,117.72,routeH_stable,1.01044e-06,0.990736,0.922063,-2.61374,"C1[100,125)",0.0879976,"(5,1,1)/11"
1227,0.909091,0.0909091,0.545455,2,102.359,117.72,routeH_stable,9.94983e-07,0.990736,0.922063,2.59368,"C1[100,125)",0.0866514,"(5,1,1)/11"
1226,0.909091,0.0909091,0.454545,2,102.359,117.72,routeH_stable,9.94983e-07,0.990736,0.922063,2.59368,"C1[100,125)",0.0866514,"(5,1,1)/11"
236,0.0909091,0.909091,0.454545,2,102.359,117.72,routeH_stable,9.94983e-07,0.990736,0.922063,2.59368,"C1[100,125)",0.0866514,"(5,1,1)/11"
237,0.0909091,0.909091,0.545455,2,102.359,117.72,routeH_stable,9.94983e-07,0.990736,0.922063,2.59368,"C1[100,125)",0.0866514,"(5,1,1)/11"
1314,0.909091,0.818182,0.454545,3,105.267,120.036,routeH_stable,8.27404e-07,0.840851,0.926933,-2.37269,"C1[100,125)",0.0720573,"(5,2,1)/11"
1315,0.909091,0.818182,0.545455,3,105.267,120.036,routeH_stable,8.27404e-07,0.840851,0.926933,-2.37269,"C1[100,125)",0.0720573,"(5,2,1)/11"
341,0.181818,0.818182,0,9,259.794,261.443,routeS,2.85311e-07,0.949613,3.58436,2.88215,C2_routeS~250,0.0248473,"(2,2,0)/11"
1111,0.818182,0.181818,0,9,259.794,261.443,routeS,2.85311e-07,0.949613,3.58436,2.88215,C2_routeS~250,0.0248473,"(2,2,0)/11"
1188,0.818182,0.818182,0,9,259.794,261.443,routeS,2.79735e-07,0.949613,3.58436,-2.85384,C2_routeS~250,0.0243617,"(2,2,0)/11"
264,0.181818,0.181818,0,9,259.794,261.443,routeS,2.79735e-07,0.949613,3.58436,-2.85384,C2_routeS~250,0.0243617,"(2,2,0)/11"
342,0.181818,0.818182,0.0909091,9,248.806,256.036,routeS,1.20731e-07,0.950697,3.87366,1.94379,C2_routeS~250,0.0105143,"(2,2,1)/11"
665,0.454545,0.454545,0.454545,2,-72.6215,88.9641,routeH_unstable,1.98948e-06,0.99922,1.74614,5.01526,C3_R,0.173261,"(5,5,5)/11"
665,0.454545,0.454545,0.454545,1,-76.1211,88.9641,routeH_unstable,7.19264e-07,1,1.74614,-3.01555,C3_R,0.0626395,"(5,5,5)/11"
665,0.454545,0.454545,0.454545,6,127.508,141.58,routeH_stable,3.61702e-07,0.999951,1.21873,-1.80844,C3_R,0.0315,"(5,5,5)/11"
665,0.454545,0.454545,0.454545,3,-72.6215,88.9641,routeH_unstable,1.43476e-07,0.99922,1.74614,-1.34683,C3_R,0.0124951,"(5,5,5)/11"
665,0.454545,0.454545,0.454545,4,126.334,140.437,routeH_stable,1.3811e-07,0.999947,1.1756,1.09721,C3_R,0.0120278,"(5,5,5)/11"
