# strain_symmetry_check.py: symmetry projection of the shear perturbation K(q) onto the channel of eps_xy (16 operations of O_h, chi = +-1);
# hybrid model, 300 K, correction mesh 2^3 / inner mesh 12^3; Lambda in cm^-2 per unit engineering shear (h = 0.010); lam_raw from K, lam_sym from K_sym;
# block = mesh_norm | acoustic_line | eta.
block,K,median,p90,p99,max,line,q_mag,little_group,modes,omega_r_cm1,lam_raw,lam_sym,trace_raw,trace_sym,lam_raw_over_q2,lam_sym_over_q2,eta_K_Pas,eta_Ksym_Pas,rel_change
mesh_norm,"K_HA (production, B)",0.0124316,0.0180111,0.022386,0.0278917,,,,,,,,,,,,,,
mesh_norm,"K_SCPH (production, C)",0.0120422,0.0167696,0.0217897,0.0255671,,,,,,,,,,,,,,
acoustic_line,"K_HA (production, B)",,,,,"[100] Gamma-X (reduced (q,0,0))",0.1,"order 4, chi=-1 ops 2",TA+TA,37.670 37.670,-17.620 14.856,-0.000 0.000,-2.76388,4.46655e-05,-1762.0 1485.6,-0.0 0.0,,,
acoustic_line,"K_HA (production, B)",,,,,"[100] Gamma-X (reduced (q,0,0))",0.1,"order 4, chi=-1 ops 2",LA,68.790,594.369,-0.000,594.369,-6.56038e-05,59436.9,-0.0,,,
acoustic_line,K_HA (QE rigid-ion convention),,,,,"[100] Gamma-X (reduced (q,0,0))",0.1,"order 4, chi=-1 ops 2",TA+TA,37.670 37.670,-17.620 14.856,-0.000 0.000,-2.76387,5.47204e-05,-1762.0 1485.6,-0.0 0.0,,,
acoustic_line,K_HA (QE rigid-ion convention),,,,,"[100] Gamma-X (reduced (q,0,0))",0.1,"order 4, chi=-1 ops 2",LA,68.790,594.369,-0.000,594.369,-4.96546e-05,59436.9,-0.0,,,
acoustic_line,"K_SCPH (production, C)",,,,,"[100] Gamma-X (reduced (q,0,0))",0.1,"order 4, chi=-1 ops 2",TA+TA,37.670 37.670,-24.559 30.911,-0.000 0.000,6.35144,4.19479e-05,-2455.9 3091.1,-0.0 0.0,,,
acoustic_line,"K_SCPH (production, C)",,,,,"[100] Gamma-X (reduced (q,0,0))",0.1,"order 4, chi=-1 ops 2",LA,68.790,567.980,-0.000,567.98,-5.86867e-05,56798.0,-0.0,,,
acoustic_line,"K_QE raw pair, no sum rule",,,,,"[100] Gamma-X (reduced (q,0,0))",0.1,"order 4, chi=-1 ops 2",TA+TA,37.670 37.670,-1.511 28.947,-0.000 0.000,27.4361,4.36767e-05,-151.1 2894.7,-0.0 0.0,,,
acoustic_line,"K_QE raw pair, no sum rule",,,,,"[100] Gamma-X (reduced (q,0,0))",0.1,"order 4, chi=-1 ops 2",LA,68.790,632.386,-0.000,632.386,-6.46288e-05,63238.6,-0.0,,,
acoustic_line,"K_QE pair, separate distributed sum rule",,,,,"[100] Gamma-X (reduced (q,0,0))",0.1,"order 4, chi=-1 ops 2",TA+TA,37.670 37.670,-17.625 14.851,-0.000 0.000,-2.77362,5.49683e-05,-1762.5 1485.1,-0.0 0.0,,,
acoustic_line,"K_QE pair, separate distributed sum rule",,,,,"[100] Gamma-X (reduced (q,0,0))",0.1,"order 4, chi=-1 ops 2",LA,68.790,594.382,-0.000,594.382,-4.93003e-05,59438.2,-0.0,,,
acoustic_line,"K_HA (production, B)",,,,,"[100] Gamma-X (reduced (q,0,0))",0.05,"order 4, chi=-1 ops 2",TA+TA,19.538 19.538,-4.807 8.131,-0.000 0.000,3.32427,1.2234e-05,-1922.8 3252.5,-0.0 0.0,,,
acoustic_line,"K_HA (production, B)",,,,,"[100] Gamma-X (reduced (q,0,0))",0.05,"order 4, chi=-1 ops 2",LA,35.848,160.367,-0.000,160.367,-1.35147e-05,64146.6,-0.0,,,
acoustic_line,K_HA (QE rigid-ion convention),,,,,"[100] Gamma-X (reduced (q,0,0))",0.05,"order 4, chi=-1 ops 2",TA+TA,19.538 19.538,-4.807 8.131,-0.000 0.000,3.32428,1.58209e-05,-1922.8 3252.5,-0.0 0.0,,,
acoustic_line,K_HA (QE rigid-ion convention),,,,,"[100] Gamma-X (reduced (q,0,0))",0.05,"order 4, chi=-1 ops 2",LA,35.848,160.367,-0.000,160.367,-8.12988e-06,64146.6,-0.0,,,
acoustic_line,"K_SCPH (production, C)",,,,,"[100] Gamma-X (reduced (q,0,0))",0.05,"order 4, chi=-1 ops 2",TA+TA,19.538 19.538,-7.022 11.126,-0.000 0.000,4.1046,1.15439e-05,-2808.6 4450.5,-0.0 0.0,,,
acoustic_line,"K_SCPH (production, C)",,,,,"[100] Gamma-X (reduced (q,0,0))",0.05,"order 4, chi=-1 ops 2",LA,35.848,152.644,-0.000,152.644,-1.25669e-05,61057.8,-0.0,,,
acoustic_line,"K_QE raw pair, no sum rule",,,,,"[100] Gamma-X (reduced (q,0,0))",0.05,"order 4, chi=-1 ops 2",TA+TA,19.538 19.538,32.746 44.051,-0.000 0.000,76.7965,1.07887e-05,13098.4 17620.2,-0.0 0.0,,,
acoustic_line,"K_QE raw pair, no sum rule",,,,,"[100] Gamma-X (reduced (q,0,0))",0.05,"order 4, chi=-1 ops 2",LA,35.848,205.848,-0.000,205.848,-1.21303e-05,82339.3,-0.0,,,
acoustic_line,"K_QE pair, separate distributed sum rule",,,,,"[100] Gamma-X (reduced (q,0,0))",0.05,"order 4, chi=-1 ops 2",TA+TA,19.538 19.538,-4.809 8.129,-0.000 0.000,3.32021,1.58991e-05,-1923.6 3251.7,-0.0 0.0,,,
acoustic_line,"K_QE pair, separate distributed sum rule",,,,,"[100] Gamma-X (reduced (q,0,0))",0.05,"order 4, chi=-1 ops 2",LA,35.848,160.371,-0.000,160.371,-8.06524e-06,64148.5,-0.0,,,
acoustic_line,"K_HA (production, B)",,,,,"[100] Gamma-X (reduced (q,0,0))",0.025,"order 4, chi=-1 ops 2",TA+TA,9.864 9.864,-1.192 2.379,-0.000 0.000,1.18694,3.11816e-06,-1906.7 3805.8,-0.0 0.0,,,
acoustic_line,"K_HA (production, B)",,,,,"[100] Gamma-X (reduced (q,0,0))",0.025,"order 4, chi=-1 ops 2",LA,18.108,40.716,-0.000,40.7155,-3.19707e-06,65144.9,-0.0,,,
acoustic_line,K_HA (QE rigid-ion convention),,,,,"[100] Gamma-X (reduced (q,0,0))",0.025,"order 4, chi=-1 ops 2",TA+TA,9.864 9.864,-1.192 2.379,-0.000 0.000,1.18694,4.0967e-06,-1906.7 3805.8,-0.0 0.0,,,
acoustic_line,K_HA (QE rigid-ion convention),,,,,"[100] Gamma-X (reduced (q,0,0))",0.025,"order 4, chi=-1 ops 2",LA,18.108,40.716,-0.000,40.7155,-1.76615e-06,65144.9,-0.0,,,
acoustic_line,"K_SCPH (production, C)",,,,,"[100] Gamma-X (reduced (q,0,0))",0.025,"order 4, chi=-1 ops 2",TA+TA,9.864 9.864,-1.783 3.047,-0.000 0.000,1.26436,2.94648e-06,-2852.5 4875.4,-0.0 0.0,,,
acoustic_line,"K_SCPH (production, C)",,,,,"[100] Gamma-X (reduced (q,0,0))",0.025,"order 4, chi=-1 ops 2",LA,18.108,38.709,-0.000,38.7089,-3.00952e-06,61934.2,-0.0,,,
acoustic_line,"K_QE raw pair, no sum rule",,,,,"[100] Gamma-X (reduced (q,0,0))",0.025,"order 4, chi=-1 ops 2",TA+TA,9.864 9.864,43.736 45.864,-0.000 0.000,89.5992,1.54262e-06,69977.0 73381.7,-0.0 0.0,,,
acoustic_line,"K_QE raw pair, no sum rule",,,,,"[100] Gamma-X (reduced (q,0,0))",0.025,"order 4, chi=-1 ops 2",LA,18.108,87.807,-0.000,87.8073,-1.64075e-06,140491.7,-0.0,,,
acoustic_line,"K_QE pair, separate distributed sum rule",,,,,"[100] Gamma-X (reduced (q,0,0))",0.025,"order 4, chi=-1 ops 2",TA+TA,9.864 9.864,-1.192 2.378,-0.000 0.000,1.18578,4.11702e-06,-1907.6 3804.9,-0.0 0.0,,,
acoustic_line,"K_QE pair, separate distributed sum rule",,,,,"[100] Gamma-X (reduced (q,0,0))",0.025,"order 4, chi=-1 ops 2",LA,18.108,40.717,-0.000,40.7166,-1.75155e-06,65146.6,-0.0,,,
acoustic_line,"K_HA (production, B)",,,,,"[100] Gamma-X (reduced (q,0,0))",0.0125,"order 4, chi=-1 ops 2",TA+TA,4.944 4.944,-0.297 0.618,-0.000 0.000,0.320888,7.83163e-07,-1898.3 3952.0,-0.0 0.0,,,
acoustic_line,"K_HA (production, B)",,,,,"[100] Gamma-X (reduced (q,0,0))",0.0125,"order 4, chi=-1 ops 2",LA,9.077,10.216,-0.000,10.2158,-7.88075e-07,65381.3,-0.0,,,
acoustic_line,K_HA (QE rigid-ion convention),,,,,"[100] Gamma-X (reduced (q,0,0))",0.0125,"order 4, chi=-1 ops 2",TA+TA,4.944 4.944,-0.297 0.618,-0.000 0.000,0.320888,1.03306e-06,-1898.3 3952.0,-0.0 0.0,,,
acoustic_line,K_HA (QE rigid-ion convention),,,,,"[100] Gamma-X (reduced (q,0,0))",0.0125,"order 4, chi=-1 ops 2",LA,9.077,10.216,-0.000,10.2158,-4.25269e-07,65381.3,-0.0,,,
acoustic_line,"K_SCPH (production, C)",,,,,"[100] Gamma-X (reduced (q,0,0))",0.0125,"order 4, chi=-1 ops 2",TA+TA,4.944 4.944,-0.447 0.779,-0.000 0.000,0.332471,7.40325e-07,-2859.9 4987.7,-0.0 0.0,,,
acoustic_line,"K_SCPH (production, C)",,,,,"[100] Gamma-X (reduced (q,0,0))",0.0125,"order 4, chi=-1 ops 2",LA,9.077,9.709,-0.000,9.70933,-7.4425e-07,62139.7,-0.0,,,
acoustic_line,"K_QE raw pair, no sum rule",,,,,"[100] Gamma-X (reduced (q,0,0))",0.0125,"order 4, chi=-1 ops 2",TA+TA,4.944 4.944,46.150 46.623,-0.000 0.000,92.7726,-8.25392e-07,295358.2 298386.2,-0.0 0.0,,,
acoustic_line,"K_QE raw pair, no sum rule",,,,,"[100] Gamma-X (reduced (q,0,0))",0.0125,"order 4, chi=-1 ops 2",LA,9.077,57.688,0.000,57.6883,8.15452e-07,369205.2,0.0,,,
acoustic_line,"K_QE pair, separate distributed sum rule",,,,,"[100] Gamma-X (reduced (q,0,0))",0.0125,"order 4, chi=-1 ops 2",TA+TA,4.944 4.944,-0.297 0.617,-0.000 0.000,0.3206,1.03849e-06,-1899.2 3951.1,-0.0 0.0,,,
acoustic_line,"K_QE pair, separate distributed sum rule",,,,,"[100] Gamma-X (reduced (q,0,0))",0.0125,"order 4, chi=-1 ops 2",LA,9.077,10.216,-0.000,10.2161,-4.22002e-07,65383.3,-0.0,,,
acoustic_line,"K_HA (production, B)",,,,,[010],0.1,"order 4, chi=-1 ops 2",TA+TA,37.670 37.670,-17.620 14.856,-0.000 0.000,-2.76388,4.46654e-05,-1762.0 1485.6,-0.0 0.0,,,
acoustic_line,"K_HA (production, B)",,,,,[010],0.1,"order 4, chi=-1 ops 2",LA,68.790,594.369,-0.000,594.369,-6.56038e-05,59436.9,-0.0,,,
acoustic_line,K_HA (QE rigid-ion convention),,,,,[010],0.1,"order 4, chi=-1 ops 2",TA+TA,37.670 37.670,-17.620 14.856,-0.000 0.000,-2.76387,5.47204e-05,-1762.0 1485.6,-0.0 0.0,,,
acoustic_line,K_HA (QE rigid-ion convention),,,,,[010],0.1,"order 4, chi=-1 ops 2",LA,68.790,594.369,-0.000,594.369,-4.96545e-05,59436.9,-0.0,,,
acoustic_line,"K_SCPH (production, C)",,,,,[010],0.1,"order 4, chi=-1 ops 2",TA+TA,37.670 37.670,-24.559 30.911,-0.000 0.000,6.35144,4.19478e-05,-2455.9 3091.1,-0.0 0.0,,,
acoustic_line,"K_SCPH (production, C)",,,,,[010],0.1,"order 4, chi=-1 ops 2",LA,68.790,567.980,-0.000,567.98,-5.86867e-05,56798.0,-0.0,,,
acoustic_line,"K_QE raw pair, no sum rule",,,,,[010],0.1,"order 4, chi=-1 ops 2",TA+TA,37.670 37.670,-1.511 28.947,-0.000 0.000,27.4361,4.36766e-05,-151.1 2894.7,-0.0 0.0,,,
acoustic_line,"K_QE raw pair, no sum rule",,,,,[010],0.1,"order 4, chi=-1 ops 2",LA,68.790,632.386,-0.000,632.386,-6.46287e-05,63238.6,-0.0,,,
acoustic_line,"K_QE pair, separate distributed sum rule",,,,,[010],0.1,"order 4, chi=-1 ops 2",TA+TA,37.670 37.670,-17.625 14.851,-0.000 0.000,-2.77362,5.49683e-05,-1762.5 1485.1,-0.0 0.0,,,
acoustic_line,"K_QE pair, separate distributed sum rule",,,,,[010],0.1,"order 4, chi=-1 ops 2",LA,68.790,594.382,-0.000,594.382,-4.93003e-05,59438.2,-0.0,,,
acoustic_line,"K_HA (production, B)",,,,,[010],0.05,"order 4, chi=-1 ops 2",TA+TA,19.538 19.538,-4.807 8.131,-0.000 0.000,3.32427,1.2234e-05,-1922.8 3252.5,-0.0 0.0,,,
acoustic_line,"K_HA (production, B)",,,,,[010],0.05,"order 4, chi=-1 ops 2",LA,35.848,160.367,-0.000,160.367,-1.35147e-05,64146.6,-0.0,,,
acoustic_line,K_HA (QE rigid-ion convention),,,,,[010],0.05,"order 4, chi=-1 ops 2",TA+TA,19.538 19.538,-4.807 8.131,-0.000 0.000,3.32428,1.58209e-05,-1922.8 3252.5,-0.0 0.0,,,
acoustic_line,K_HA (QE rigid-ion convention),,,,,[010],0.05,"order 4, chi=-1 ops 2",LA,35.848,160.367,-0.000,160.367,-8.12987e-06,64146.6,-0.0,,,
acoustic_line,"K_SCPH (production, C)",,,,,[010],0.05,"order 4, chi=-1 ops 2",TA+TA,19.538 19.538,-7.022 11.126,-0.000 0.000,4.1046,1.15438e-05,-2808.6 4450.5,-0.0 0.0,,,
acoustic_line,"K_SCPH (production, C)",,,,,[010],0.05,"order 4, chi=-1 ops 2",LA,35.848,152.644,-0.000,152.644,-1.25669e-05,61057.8,-0.0,,,
acoustic_line,"K_QE raw pair, no sum rule",,,,,[010],0.05,"order 4, chi=-1 ops 2",TA+TA,19.538 19.538,32.746 44.051,-0.000 0.000,76.7965,1.07887e-05,13098.4 17620.2,-0.0 0.0,,,
acoustic_line,"K_QE raw pair, no sum rule",,,,,[010],0.05,"order 4, chi=-1 ops 2",LA,35.848,205.848,-0.000,205.848,-1.21303e-05,82339.3,-0.0,,,
acoustic_line,"K_QE pair, separate distributed sum rule",,,,,[010],0.05,"order 4, chi=-1 ops 2",TA+TA,19.538 19.538,-4.809 8.129,-0.000 0.000,3.32021,1.58991e-05,-1923.6 3251.7,-0.0 0.0,,,
acoustic_line,"K_QE pair, separate distributed sum rule",,,,,[010],0.05,"order 4, chi=-1 ops 2",LA,35.848,160.371,-0.000,160.371,-8.06523e-06,64148.5,-0.0,,,
acoustic_line,"K_HA (production, B)",,,,,[010],0.025,"order 4, chi=-1 ops 2",TA+TA,9.864 9.864,-1.192 2.379,-0.000 0.000,1.18694,3.11812e-06,-1906.7 3805.8,-0.0 0.0,,,
acoustic_line,"K_HA (production, B)",,,,,[010],0.025,"order 4, chi=-1 ops 2",LA,18.108,40.716,-0.000,40.7155,-3.19703e-06,65144.9,-0.0,,,
acoustic_line,K_HA (QE rigid-ion convention),,,,,[010],0.025,"order 4, chi=-1 ops 2",TA+TA,9.864 9.864,-1.192 2.379,-0.000 0.000,1.18694,4.09667e-06,-1906.7 3805.8,-0.0 0.0,,,
acoustic_line,K_HA (QE rigid-ion convention),,,,,[010],0.025,"order 4, chi=-1 ops 2",LA,18.108,40.716,-0.000,40.7155,-1.76609e-06,65144.9,-0.0,,,
acoustic_line,"K_SCPH (production, C)",,,,,[010],0.025,"order 4, chi=-1 ops 2",TA+TA,9.864 9.864,-1.783 3.047,-0.000 0.000,1.26436,2.94645e-06,-2852.5 4875.4,-0.0 0.0,,,
acoustic_line,"K_SCPH (production, C)",,,,,[010],0.025,"order 4, chi=-1 ops 2",LA,18.108,38.709,-0.000,38.7089,-3.00948e-06,61934.2,-0.0,,,
acoustic_line,"K_QE raw pair, no sum rule",,,,,[010],0.025,"order 4, chi=-1 ops 2",TA+TA,9.864 9.864,43.736 45.864,-0.000 0.000,89.5992,1.5426e-06,69977.0 73381.7,-0.0 0.0,,,
acoustic_line,"K_QE raw pair, no sum rule",,,,,[010],0.025,"order 4, chi=-1 ops 2",LA,18.108,87.807,-0.000,87.8073,-1.64073e-06,140491.7,-0.0,,,
acoustic_line,"K_QE pair, separate distributed sum rule",,,,,[010],0.025,"order 4, chi=-1 ops 2",TA+TA,9.864 9.864,-1.192 2.378,-0.000 0.000,1.18578,4.117e-06,-1907.6 3804.9,-0.0 0.0,,,
acoustic_line,"K_QE pair, separate distributed sum rule",,,,,[010],0.025,"order 4, chi=-1 ops 2",LA,18.108,40.717,-0.000,40.7166,-1.7515e-06,65146.6,-0.0,,,
acoustic_line,"K_HA (production, B)",,,,,[010],0.0125,"order 4, chi=-1 ops 2",TA+TA,4.944 4.944,-0.297 0.618,-0.000 0.000,0.320888,7.83071e-07,-1898.3 3952.0,-0.0 0.0,,,
acoustic_line,"K_HA (production, B)",,,,,[010],0.0125,"order 4, chi=-1 ops 2",LA,9.077,10.216,-0.000,10.2158,-7.87984e-07,65381.3,-0.0,,,
acoustic_line,K_HA (QE rigid-ion convention),,,,,[010],0.0125,"order 4, chi=-1 ops 2",TA+TA,4.944 4.944,-0.297 0.618,-0.000 0.000,0.320888,1.03299e-06,-1898.3 3952.0,-0.0 0.0,,,
acoustic_line,K_HA (QE rigid-ion convention),,,,,[010],0.0125,"order 4, chi=-1 ops 2",LA,9.077,10.216,-0.000,10.2158,-4.25196e-07,65381.3,-0.0,,,
acoustic_line,"K_SCPH (production, C)",,,,,[010],0.0125,"order 4, chi=-1 ops 2",TA+TA,4.944 4.944,-0.447 0.779,-0.000 0.000,0.332471,7.40238e-07,-2859.9 4987.7,-0.0 0.0,,,
acoustic_line,"K_SCPH (production, C)",,,,,[010],0.0125,"order 4, chi=-1 ops 2",LA,9.077,9.709,-0.000,9.70933,-7.44163e-07,62139.7,-0.0,,,
acoustic_line,"K_QE raw pair, no sum rule",,,,,[010],0.0125,"order 4, chi=-1 ops 2",TA+TA,4.944 4.944,46.150 46.623,-0.000 0.000,92.7726,-8.25296e-07,295358.2 298386.2,-0.0 0.0,,,
acoustic_line,"K_QE raw pair, no sum rule",,,,,[010],0.0125,"order 4, chi=-1 ops 2",LA,9.077,57.688,0.000,57.6883,8.15355e-07,369205.2,0.0,,,
acoustic_line,"K_QE pair, separate distributed sum rule",,,,,[010],0.0125,"order 4, chi=-1 ops 2",TA+TA,4.944 4.944,-0.297 0.617,-0.000 0.000,0.3206,1.03843e-06,-1899.2 3951.1,-0.0 0.0,,,
acoustic_line,"K_QE pair, separate distributed sum rule",,,,,[010],0.0125,"order 4, chi=-1 ops 2",LA,9.077,10.216,-0.000,10.2161,-4.21928e-07,65383.3,-0.0,,,
acoustic_line,"K_HA (production, B)",,,,,[001],0.1,"order 8, chi=-1 ops 4",TA+TA,37.670 37.670,-2360.655 2351.574,-2356.114 2356.114,-9.0809,-6.0072e-06,-236065.5 235157.4,-235611.4 235611.4,,,
acoustic_line,"K_HA (production, B)",,,,,[001],0.1,"order 8, chi=-1 ops 4",LA,68.790,-188.738,-0.000,-188.738,-8.84994e-13,-18873.8,-0.0,,,
acoustic_line,K_HA (QE rigid-ion convention),,,,,[001],0.1,"order 8, chi=-1 ops 4",TA+TA,37.670 37.670,-2965.009 2955.928,-2960.468 2960.468,-9.08089,4.20625e-06,-296500.9 295592.8,-296046.8 296046.8,,,
acoustic_line,K_HA (QE rigid-ion convention),,,,,[001],0.1,"order 8, chi=-1 ops 4",LA,68.790,-188.738,-0.000,-188.738,-9.55521e-13,-18873.8,-0.0,,,
acoustic_line,"K_SCPH (production, C)",,,,,[001],0.1,"order 8, chi=-1 ops 4",TA+TA,37.670 37.670,-2278.850 2262.560,-2270.705 2270.705,-16.2895,-6.5433e-06,-227885.0 226256.0,-227070.5 227070.5,,,
acoustic_line,"K_SCPH (production, C)",,,,,[001],0.1,"order 8, chi=-1 ops 4",LA,68.790,-140.291,-0.000,-140.291,-7.37207e-13,-14029.1,-0.0,,,
acoustic_line,"K_QE raw pair, no sum rule",,,,,[001],0.1,"order 8, chi=-1 ops 4",TA+TA,37.670 37.670,-2258.916 2281.067,-2269.992 2269.992,22.1515,-6.23719e-06,-225891.6 228106.7,-226999.2 226999.2,,,
acoustic_line,"K_QE raw pair, no sum rule",,,,,[001],0.1,"order 8, chi=-1 ops 4",LA,68.790,-154.434,-0.000,-154.434,-8.78044e-13,-15443.4,-0.0,,,
acoustic_line,"K_QE pair, separate distributed sum rule",,,,,[001],0.1,"order 8, chi=-1 ops 4",TA+TA,37.670 37.670,-2988.942 2979.850,-2984.396 2984.396,-9.09116,3.78611e-06,-298894.2 297985.0,-298439.6 298439.6,,,
acoustic_line,"K_QE pair, separate distributed sum rule",,,,,[001],0.1,"order 8, chi=-1 ops 4",LA,68.790,-188.725,-0.000,-188.725,-9.59091e-13,-18872.5,-0.0,,,
acoustic_line,"K_HA (production, B)",,,,,[001],0.05,"order 8, chi=-1 ops 4",TA+TA,19.538 19.538,-402.261 408.553,-405.407 405.407,6.29165,-8.07736e-07,-160904.4 163421.1,-162162.8 162162.8,,,
acoustic_line,"K_HA (production, B)",,,,,[001],0.05,"order 8, chi=-1 ops 4",LA,35.848,-47.214,-0.000,-47.2137,-7.45174e-14,-18885.5,-0.0,,,
acoustic_line,K_HA (QE rigid-ion convention),,,,,[001],0.05,"order 8, chi=-1 ops 4",TA+TA,19.538 19.538,-628.159 634.451,-631.305 631.305,6.29165,2.34971e-06,-251263.7 253780.3,-252522.0 252522.0,,,
acoustic_line,K_HA (QE rigid-ion convention),,,,,[001],0.05,"order 8, chi=-1 ops 4",LA,35.848,-47.214,-0.000,-47.2137,-1.18801e-13,-18885.5,-0.0,,,
acoustic_line,"K_SCPH (production, C)",,,,,[001],0.05,"order 8, chi=-1 ops 4",TA+TA,19.538 19.538,-415.200 420.849,-418.024 418.024,5.64942,-7.66228e-07,-166079.8 168339.6,-167209.7 167209.7,,,
acoustic_line,"K_SCPH (production, C)",,,,,[001],0.05,"order 8, chi=-1 ops 4",LA,35.848,-34.335,-0.000,-34.335,-6.38358e-14,-13734.0,-0.0,,,
acoustic_line,"K_QE raw pair, no sum rule",,,,,[001],0.05,"order 8, chi=-1 ops 4",TA+TA,19.538 19.538,-239.851 320.889,-280.370 280.370,81.0383,-7.44006e-07,-95940.3 128355.7,-112148.0 112148.0,,,
acoustic_line,"K_QE raw pair, no sum rule",,,,,[001],0.05,"order 8, chi=-1 ops 4",LA,35.848,-3.960,-0.000,-3.95997,-6.7311e-14,-1584.0,-0.0,,,
acoustic_line,"K_QE pair, separate distributed sum rule",,,,,[001],0.05,"order 8, chi=-1 ops 4",TA+TA,19.538 19.538,-633.825 640.113,-636.969 636.969,6.28741,2.35106e-06,-253530.0 256045.0,-254787.5 254787.5,,,
acoustic_line,"K_QE pair, separate distributed sum rule",,,,,[001],0.05,"order 8, chi=-1 ops 4",LA,35.848,-47.209,-0.000,-47.2091,-1.17892e-13,-18883.6,-0.0,,,
acoustic_line,"K_HA (production, B)",,,,,[001],0.025,"order 8, chi=-1 ops 4",TA+TA,9.864 9.864,-86.318 88.583,-87.451 87.451,2.26478,-5.85937e-08,-138109.1 141732.8,-139921.0 139921.0,,,
acoustic_line,"K_HA (production, B)",,,,,[001],0.025,"order 8, chi=-1 ops 4",LA,18.108,-11.668,-0.000,-11.6679,-7.90417e-15,-18668.6,-0.0,,,
acoustic_line,K_HA (QE rigid-ion convention),,,,,[001],0.025,"order 8, chi=-1 ops 4",TA+TA,9.864 9.864,-148.638 150.902,-149.770 149.770,2.26478,7.6031e-07,-237820.2 241443.8,-239632.0 239632.0,,,
acoustic_line,K_HA (QE rigid-ion convention),,,,,[001],0.025,"order 8, chi=-1 ops 4",LA,18.108,-11.668,-0.000,-11.6679,-2.28393e-14,-18668.6,-0.0,,,
acoustic_line,"K_SCPH (production, C)",,,,,[001],0.025,"order 8, chi=-1 ops 4",TA+TA,9.864 9.864,-92.112 94.307,-93.209 93.209,2.19549,-5.4587e-08,-147378.5 150891.2,-149134.8 149134.8,,,
acoustic_line,"K_SCPH (production, C)",,,,,[001],0.025,"order 8, chi=-1 ops 4",LA,18.108,-8.395,-0.000,-8.39518,-5.31256e-15,-13432.3,-0.0,,,
acoustic_line,"K_QE raw pair, no sum rule",,,,,[001],0.025,"order 8, chi=-1 ops 4",TA+TA,9.864 9.864,-0.238 92.259,-46.249 46.249,92.021,-3.26377e-08,-381.5 147615.1,-73998.3 73998.3,,,
acoustic_line,"K_QE raw pair, no sum rule",,,,,[001],0.025,"order 8, chi=-1 ops 4",LA,18.108,33.821,-0.000,33.8213,-1.30397e-16,54114.1,-0.0,,,
acoustic_line,"K_QE pair, separate distributed sum rule",,,,,[001],0.025,"order 8, chi=-1 ops 4",TA+TA,9.864 9.864,-150.133 152.397,-151.265 151.265,2.26362,7.69347e-07,-240213.0 243834.8,-242023.9 242023.9,,,
acoustic_line,"K_QE pair, separate distributed sum rule",,,,,[001],0.025,"order 8, chi=-1 ops 4",LA,18.108,-11.667,-0.000,-11.6668,-2.32107e-14,-18666.8,-0.0,,,
acoustic_line,"K_HA (production, B)",,,,,[001],0.0125,"order 8, chi=-1 ops 4",TA+TA,4.944 4.944,-20.653 21.265,-20.959 20.959,0.612221,-3.78779e-09,-132178.1 136096.3,-134137.2 134137.2,,,
acoustic_line,"K_HA (production, B)",,,,,[001],0.0125,"order 8, chi=-1 ops 4",LA,9.077,-2.906,-0.000,-2.90625,-2.85061e-15,-18600.0,-0.0,,,
acoustic_line,K_HA (QE rigid-ion convention),,,,,[001],0.0125,"order 8, chi=-1 ops 4",TA+TA,4.944 4.944,-36.620 37.232,-36.926 36.926,0.612221,2.02372e-07,-234364.8 238283.0,-236323.9 236323.9,,,
acoustic_line,K_HA (QE rigid-ion convention),,,,,[001],0.0125,"order 8, chi=-1 ops 4",LA,9.077,-2.906,-0.000,-2.90625,-4.9029e-15,-18600.0,-0.0,,,
acoustic_line,"K_SCPH (production, C)",,,,,[001],0.0125,"order 8, chi=-1 ops 4",TA+TA,4.944 4.944,-22.269 22.870,-22.570 22.570,0.60093,-3.51158e-09,-142522.9 146368.8,-144445.9 144445.9,,,
acoustic_line,"K_SCPH (production, C)",,,,,[001],0.0125,"order 8, chi=-1 ops 4",LA,9.077,-2.085,-0.000,-2.08467,-3.15105e-15,-13341.9,-0.0,,,
acoustic_line,"K_QE raw pair, no sum rule",,,,,[001],0.0125,"order 8, chi=-1 ops 4",TA+TA,4.944 4.944,-67.707 162.133,-114.920 114.920,94.426,3.28167e-09,-433326.9 1037653.0,-735490.0 735490.0,,,
acoustic_line,"K_QE raw pair, no sum rule",,,,,[001],0.0125,"order 8, chi=-1 ops 4",LA,9.077,43.138,0.000,43.1382,7.01274e-15,276084.6,0.0,,,
acoustic_line,"K_QE pair, separate distributed sum rule",,,,,[001],0.0125,"order 8, chi=-1 ops 4",TA+TA,4.944 4.944,-36.993 37.605,-37.299 37.299,0.611924,2.05117e-07,-236756.0 240672.3,-238714.2 238714.2,,,
acoustic_line,"K_QE pair, separate distributed sum rule",,,,,[001],0.0125,"order 8, chi=-1 ops 4",LA,9.077,-2.906,-0.000,-2.90594,-4.39391e-15,-18598.0,-0.0,,,
acoustic_line,"K_HA (production, B)",,,,,[110] Gamma-M,0.1,"order 4, chi=-1 ops 0",TA,51.670,-5038.376,-5032.905,-5038.38,-5032.9,-503837.6,-503290.5,,,
acoustic_line,"K_HA (production, B)",,,,,[110] Gamma-M,0.1,"order 4, chi=-1 ops 0",TA,60.140,5352.336,4848.290,5352.34,4848.29,535233.6,484829.0,,,
acoustic_line,"K_HA (production, B)",,,,,[110] Gamma-M,0.1,"order 4, chi=-1 ops 0",LA,89.234,-18239.675,-18576.805,-18239.7,-18576.8,-1823967.5,-1857680.5,,,
acoustic_line,K_HA (QE rigid-ion convention),,,,,[110] Gamma-M,0.1,"order 4, chi=-1 ops 0",TA,51.670,-5038.376,-5032.905,-5038.38,-5032.9,-503837.6,-503290.5,,,
acoustic_line,K_HA (QE rigid-ion convention),,,,,[110] Gamma-M,0.1,"order 4, chi=-1 ops 0",TA,60.140,5717.863,5213.817,5717.86,5213.82,571786.3,521381.7,,,
acoustic_line,K_HA (QE rigid-ion convention),,,,,[110] Gamma-M,0.1,"order 4, chi=-1 ops 0",LA,89.234,-17431.909,-17769.038,-17431.9,-17769,-1743190.9,-1776903.8,,,
acoustic_line,"K_SCPH (production, C)",,,,,[110] Gamma-M,0.1,"order 4, chi=-1 ops 0",TA,51.670,-502.576,-536.344,-502.576,-536.344,-50257.6,-53634.4,,,
acoustic_line,"K_SCPH (production, C)",,,,,[110] Gamma-M,0.1,"order 4, chi=-1 ops 0",TA,60.140,5037.638,4549.667,5037.64,4549.67,503763.8,454966.7,,,
acoustic_line,"K_SCPH (production, C)",,,,,[110] Gamma-M,0.1,"order 4, chi=-1 ops 0",LA,89.234,-12899.173,-13179.656,-12899.2,-13179.7,-1289917.3,-1317965.6,,,
acoustic_line,"K_QE raw pair, no sum rule",,,,,[110] Gamma-M,0.1,"order 4, chi=-1 ops 0",TA,51.670,-3540.733,-3533.127,-3540.73,-3533.13,-354073.3,-353312.7,,,
acoustic_line,"K_QE raw pair, no sum rule",,,,,[110] Gamma-M,0.1,"order 4, chi=-1 ops 0",TA,60.140,30412.219,29974.962,30412.2,29975,3041221.9,2997496.2,,,
acoustic_line,"K_QE raw pair, no sum rule",,,,,[110] Gamma-M,0.1,"order 4, chi=-1 ops 0",LA,89.234,-12998.066,-13206.738,-12998.1,-13206.7,-1299806.6,-1320673.8,,,
acoustic_line,"K_QE pair, separate distributed sum rule",,,,,[110] Gamma-M,0.1,"order 4, chi=-1 ops 0",TA,51.670,-1933.616,-1928.142,-1933.62,-1928.14,-193361.6,-192814.2,,,
acoustic_line,"K_QE pair, separate distributed sum rule",,,,,[110] Gamma-M,0.1,"order 4, chi=-1 ops 0",TA,60.140,32150.533,31725.961,32150.5,31726,3215053.3,3172596.1,,,
acoustic_line,"K_QE pair, separate distributed sum rule",,,,,[110] Gamma-M,0.1,"order 4, chi=-1 ops 0",LA,89.234,-11474.220,-11663.398,-11474.2,-11663.4,-1147422.0,-1166339.8,,,
acoustic_line,"K_HA (production, B)",,,,,[110] Gamma-M,0.05,"order 4, chi=-1 ops 0",TA,27.418,-1255.026,-1267.636,-1255.03,-1267.64,-502010.3,-507054.5,,,
acoustic_line,"K_HA (production, B)",,,,,[110] Gamma-M,0.05,"order 4, chi=-1 ops 0",TA,32.514,585.061,416.454,585.061,416.454,234024.5,166581.6,,,
acoustic_line,"K_HA (production, B)",,,,,[110] Gamma-M,0.05,"order 4, chi=-1 ops 0",LA,47.330,-4078.962,-4200.510,-4078.96,-4200.51,-1631584.6,-1680204.2,,,
acoustic_line,K_HA (QE rigid-ion convention),,,,,[110] Gamma-M,0.05,"order 4, chi=-1 ops 0",TA,27.418,-1255.026,-1267.636,-1255.03,-1267.64,-502010.3,-507054.5,,,
acoustic_line,K_HA (QE rigid-ion convention),,,,,[110] Gamma-M,0.05,"order 4, chi=-1 ops 0",TA,32.514,794.106,625.499,794.106,625.499,317642.3,250199.5,,,
acoustic_line,K_HA (QE rigid-ion convention),,,,,[110] Gamma-M,0.05,"order 4, chi=-1 ops 0",LA,47.330,-3740.772,-3862.321,-3740.77,-3862.32,-1496309.0,-1544928.5,,,
acoustic_line,"K_SCPH (production, C)",,,,,[110] Gamma-M,0.05,"order 4, chi=-1 ops 0",TA,27.418,-70.505,-89.749,-70.5046,-89.749,-28201.9,-35899.6,,,
acoustic_line,"K_SCPH (production, C)",,,,,[110] Gamma-M,0.05,"order 4, chi=-1 ops 0",TA,32.514,1055.886,890.572,1055.89,890.572,422354.5,356228.6,,,
acoustic_line,"K_SCPH (production, C)",,,,,[110] Gamma-M,0.05,"order 4, chi=-1 ops 0",LA,47.330,-3049.841,-3154.198,-3049.84,-3154.2,-1219936.3,-1261679.1,,,
acoustic_line,"K_QE raw pair, no sum rule",,,,,[110] Gamma-M,0.05,"order 4, chi=-1 ops 0",TA,27.418,-767.927,-807.573,-767.927,-807.573,-307170.8,-323029.1,,,
acoustic_line,"K_QE raw pair, no sum rule",,,,,[110] Gamma-M,0.05,"order 4, chi=-1 ops 0",TA,32.514,10104.998,9946.058,10105,9946.06,4041999.0,3978423.4,,,
acoustic_line,"K_QE raw pair, no sum rule",,,,,[110] Gamma-M,0.05,"order 4, chi=-1 ops 0",LA,47.330,4173.886,3988.446,4173.89,3988.45,1669554.5,1595378.5,,,
acoustic_line,"K_QE pair, separate distributed sum rule",,,,,[110] Gamma-M,0.05,"order 4, chi=-1 ops 0",TA,27.418,-255.258,-267.865,-255.258,-267.865,-102103.2,-107145.9,,,
acoustic_line,"K_QE pair, separate distributed sum rule",,,,,[110] Gamma-M,0.05,"order 4, chi=-1 ops 0",TA,32.514,10930.161,10805.332,10930.2,10805.3,4372064.5,4322132.6,,,
acoustic_line,"K_QE pair, separate distributed sum rule",,,,,[110] Gamma-M,0.05,"order 4, chi=-1 ops 0",LA,47.330,4858.408,4712.090,4858.41,4712.09,1943363.3,1884835.9,,,
acoustic_line,"K_HA (production, B)",,,,,[110] Gamma-M,0.025,"order 4, chi=-1 ops 0",TA,13.924,-308.988,-313.489,-308.988,-313.489,-494381.0,-501582.7,,,
acoustic_line,"K_HA (production, B)",,,,,[110] Gamma-M,0.025,"order 4, chi=-1 ops 0",TA,16.567,93.904,49.343,93.9043,49.3427,150246.9,78948.4,,,
acoustic_line,"K_HA (production, B)",,,,,[110] Gamma-M,0.025,"order 4, chi=-1 ops 0",LA,23.954,-998.791,-1031.949,-998.791,-1031.95,-1598066.0,-1651118.6,,,
acoustic_line,K_HA (QE rigid-ion convention),,,,,[110] Gamma-M,0.025,"order 4, chi=-1 ops 0",TA,13.924,-308.988,-313.489,-308.988,-313.489,-494381.0,-501582.7,,,
acoustic_line,K_HA (QE rigid-ion convention),,,,,[110] Gamma-M,0.025,"order 4, chi=-1 ops 0",TA,16.567,157.018,112.456,157.018,112.456,251228.4,179929.9,,,
acoustic_line,K_HA (QE rigid-ion convention),,,,,[110] Gamma-M,0.025,"order 4, chi=-1 ops 0",LA,23.954,-904.524,-937.682,-904.524,-937.682,-1447238.0,-1500290.7,,,
acoustic_line,"K_SCPH (production, C)",,,,,[110] Gamma-M,0.025,"order 4, chi=-1 ops 0",TA,13.924,-9.960,-15.842,-9.96036,-15.8417,-15936.6,-25346.8,,,
acoustic_line,"K_SCPH (production, C)",,,,,[110] Gamma-M,0.025,"order 4, chi=-1 ops 0",TA,16.567,250.877,207.093,250.877,207.093,401402.5,331349.4,,,
acoustic_line,"K_SCPH (production, C)",,,,,[110] Gamma-M,0.025,"order 4, chi=-1 ops 0",LA,23.954,-766.147,-794.846,-766.147,-794.846,-1225834.9,-1271754.3,,,
acoustic_line,"K_QE raw pair, no sum rule",,,,,[110] Gamma-M,0.025,"order 4, chi=-1 ops 0",TA,13.924,-147.236,-192.575,-147.236,-192.575,-235577.3,-308119.4,,,
acoustic_line,"K_QE raw pair, no sum rule",,,,,[110] Gamma-M,0.025,"order 4, chi=-1 ops 0",TA,16.567,2674.690,2599.214,2674.69,2599.21,4279504.2,4158742.1,,,
acoustic_line,"K_QE raw pair, no sum rule",,,,,[110] Gamma-M,0.025,"order 4, chi=-1 ops 0",LA,23.954,1765.349,1675.141,1765.35,1675.14,2824557.8,2680225.1,,,
acoustic_line,"K_QE pair, separate distributed sum rule",,,,,[110] Gamma-M,0.025,"order 4, chi=-1 ops 0",TA,13.924,-45.336,-49.836,-45.3362,-49.8362,-72537.9,-79737.9,,,
acoustic_line,"K_QE pair, separate distributed sum rule",,,,,[110] Gamma-M,0.025,"order 4, chi=-1 ops 0",TA,16.567,2973.731,2942.112,2973.73,2942.11,4757969.0,4707378.5,,,
acoustic_line,"K_QE pair, separate distributed sum rule",,,,,[110] Gamma-M,0.025,"order 4, chi=-1 ops 0",LA,23.954,1831.174,1786.317,1831.17,1786.32,2929877.9,2858107.4,,,
acoustic_line,"K_HA (production, B)",,,,,[110] Gamma-M,0.0125,"order 4, chi=-1 ops 0",TA,6.989,-76.967,-78.186,-76.9671,-78.1856,-492589.2,-500387.9,,,
acoustic_line,"K_HA (production, B)",,,,,[110] Gamma-M,0.0125,"order 4, chi=-1 ops 0",TA,8.322,20.207,8.924,20.207,8.92367,129324.9,57111.5,,,
acoustic_line,"K_HA (production, B)",,,,,[110] Gamma-M,0.0125,"order 4, chi=-1 ops 0",LA,12.012,-248.583,-257.054,-248.583,-257.054,-1590928.6,-1645148.0,,,
acoustic_line,K_HA (QE rigid-ion convention),,,,,[110] Gamma-M,0.0125,"order 4, chi=-1 ops 0",TA,6.989,-76.967,-78.186,-76.9671,-78.1856,-492589.2,-500387.9,,,
acoustic_line,K_HA (QE rigid-ion convention),,,,,[110] Gamma-M,0.0125,"order 4, chi=-1 ops 0",TA,8.322,36.727,25.444,36.7273,25.444,235055.0,162841.5,,,
acoustic_line,K_HA (QE rigid-ion convention),,,,,[110] Gamma-M,0.0125,"order 4, chi=-1 ops 0",LA,12.012,-224.391,-232.863,-224.391,-232.863,-1436102.3,-1490321.8,,,
acoustic_line,"K_SCPH (production, C)",,,,,[110] Gamma-M,0.0125,"order 4, chi=-1 ops 0",TA,6.989,-2.030,-3.575,-2.03038,-3.57532,-12994.4,-22882.1,,,
acoustic_line,"K_SCPH (production, C)",,,,,[110] Gamma-M,0.0125,"order 4, chi=-1 ops 0",TA,8.322,61.945,50.853,61.9445,50.8531,396444.8,325460.0,,,
acoustic_line,"K_SCPH (production, C)",,,,,[110] Gamma-M,0.0125,"order 4, chi=-1 ops 0",LA,12.012,-191.986,-199.334,-191.986,-199.334,-1228712.9,-1275738.0,,,
acoustic_line,"K_QE raw pair, no sum rule",,,,,[110] Gamma-M,0.0125,"order 4, chi=-1 ops 0",TA,6.989,-1.246,-47.306,-1.24616,-47.3062,-7975.4,-302759.8,,,
acoustic_line,"K_QE raw pair, no sum rule",,,,,[110] Gamma-M,0.0125,"order 4, chi=-1 ops 0",TA,8.322,616.787,562.237,616.787,562.237,3947440.0,3598315.4,,,
acoustic_line,"K_QE raw pair, no sum rule",,,,,[110] Gamma-M,0.0125,"order 4, chi=-1 ops 0",LA,12.012,618.153,559.361,618.153,559.361,3956176.3,3579910.4,,,
acoustic_line,"K_QE pair, separate distributed sum rule",,,,,[110] Gamma-M,0.0125,"order 4, chi=-1 ops 0",TA,6.989,-9.947,-11.165,-9.94664,-11.1649,-63658.5,-71455.2,,,
acoustic_line,"K_QE pair, separate distributed sum rule",,,,,[110] Gamma-M,0.0125,"order 4, chi=-1 ops 0",TA,8.322,760.017,752.105,760.017,752.105,4864111.1,4813471.5,,,
acoustic_line,"K_QE pair, separate distributed sum rule",,,,,[110] Gamma-M,0.0125,"order 4, chi=-1 ops 0",LA,12.012,498.583,486.819,498.583,486.819,3190933.3,3115641.0,,,
acoustic_line,"K_HA (production, B)",,,,,[1-10],0.1,"order 4, chi=-1 ops 0",TA,51.670,5027.433,5032.905,5027.43,5032.9,502743.3,503290.5,,,
acoustic_line,"K_HA (production, B)",,,,,[1-10],0.1,"order 4, chi=-1 ops 0",TA,60.140,-4344.243,-4848.290,-4344.24,-4848.29,-434424.3,-484829.0,,,
acoustic_line,"K_HA (production, B)",,,,,[1-10],0.1,"order 4, chi=-1 ops 0",LA,89.234,18913.934,18576.804,18913.9,18576.8,1891393.4,1857680.4,,,
acoustic_line,K_HA (QE rigid-ion convention),,,,,[1-10],0.1,"order 4, chi=-1 ops 0",TA,51.670,5027.433,5032.905,5027.43,5032.9,502743.3,503290.5,,,
acoustic_line,K_HA (QE rigid-ion convention),,,,,[1-10],0.1,"order 4, chi=-1 ops 0",TA,60.140,-4709.770,-5213.817,-4709.77,-5213.82,-470977.0,-521381.7,,,
acoustic_line,K_HA (QE rigid-ion convention),,,,,[1-10],0.1,"order 4, chi=-1 ops 0",LA,89.234,18106.167,17769.038,18106.2,17769,1810616.7,1776903.8,,,
acoustic_line,"K_SCPH (production, C)",,,,,[1-10],0.1,"order 4, chi=-1 ops 0",TA,51.670,570.112,536.344,570.112,536.344,57011.2,53634.4,,,
acoustic_line,"K_SCPH (production, C)",,,,,[1-10],0.1,"order 4, chi=-1 ops 0",TA,60.140,-4061.697,-4549.667,-4061.7,-4549.67,-406169.7,-454966.7,,,
acoustic_line,"K_SCPH (production, C)",,,,,[1-10],0.1,"order 4, chi=-1 ops 0",LA,89.234,13460.139,13179.656,13460.1,13179.7,1346013.9,1317965.6,,,
acoustic_line,"K_QE raw pair, no sum rule",,,,,[1-10],0.1,"order 4, chi=-1 ops 0",TA,51.670,3525.520,3533.127,3525.52,3533.13,352552.0,353312.7,,,
acoustic_line,"K_QE raw pair, no sum rule",,,,,[1-10],0.1,"order 4, chi=-1 ops 0",TA,60.140,-29537.706,-29974.963,-29537.7,-29975,-2953770.6,-2997496.3,,,
acoustic_line,"K_QE raw pair, no sum rule",,,,,[1-10],0.1,"order 4, chi=-1 ops 0",LA,89.234,13415.410,13206.738,13415.4,13206.7,1341541.0,1320673.8,,,
acoustic_line,"K_QE pair, separate distributed sum rule",,,,,[1-10],0.1,"order 4, chi=-1 ops 0",TA,51.670,1922.667,1928.142,1922.67,1928.14,192266.7,192814.2,,,
acoustic_line,"K_QE pair, separate distributed sum rule",,,,,[1-10],0.1,"order 4, chi=-1 ops 0",TA,60.140,-31301.390,-31725.961,-31301.4,-31726,-3130139.0,-3172596.1,,,
acoustic_line,"K_QE pair, separate distributed sum rule",,,,,[1-10],0.1,"order 4, chi=-1 ops 0",LA,89.234,11852.575,11663.397,11852.6,11663.4,1185257.5,1166339.7,,,
acoustic_line,"K_HA (production, B)",,,,,[1-10],0.05,"order 4, chi=-1 ops 0",TA,27.418,1280.247,1267.636,1280.25,1267.64,512098.6,507054.5,,,
acoustic_line,"K_HA (production, B)",,,,,[1-10],0.05,"order 4, chi=-1 ops 0",TA,32.514,-247.847,-416.454,-247.847,-416.454,-99138.8,-166581.7,,,
acoustic_line,"K_HA (production, B)",,,,,[1-10],0.05,"order 4, chi=-1 ops 0",LA,47.330,4322.059,4200.510,4322.06,4200.51,1728823.7,1680204.2,,,
acoustic_line,K_HA (QE rigid-ion convention),,,,,[1-10],0.05,"order 4, chi=-1 ops 0",TA,27.418,1280.247,1267.636,1280.25,1267.64,512098.6,507054.5,,,
acoustic_line,K_HA (QE rigid-ion convention),,,,,[1-10],0.05,"order 4, chi=-1 ops 0",TA,32.514,-456.892,-625.499,-456.892,-625.499,-182756.6,-250199.5,,,
acoustic_line,K_HA (QE rigid-ion convention),,,,,[1-10],0.05,"order 4, chi=-1 ops 0",LA,47.330,3983.870,3862.321,3983.87,3862.32,1593548.0,1544928.5,,,
acoustic_line,"K_SCPH (production, C)",,,,,[1-10],0.05,"order 4, chi=-1 ops 0",TA,27.418,108.993,89.749,108.993,89.749,43597.4,35899.6,,,
acoustic_line,"K_SCPH (production, C)",,,,,[1-10],0.05,"order 4, chi=-1 ops 0",TA,32.514,-725.257,-890.572,-725.257,-890.572,-290102.7,-356228.6,,,
acoustic_line,"K_SCPH (production, C)",,,,,[1-10],0.05,"order 4, chi=-1 ops 0",LA,47.330,3258.555,3154.198,3258.55,3154.2,1303421.9,1261679.1,,,
acoustic_line,"K_QE raw pair, no sum rule",,,,,[1-10],0.05,"order 4, chi=-1 ops 0",TA,27.418,847.219,807.573,847.219,807.573,338887.4,323029.1,,,
acoustic_line,"K_QE raw pair, no sum rule",,,,,[1-10],0.05,"order 4, chi=-1 ops 0",TA,32.514,-9787.119,-9946.058,-9787.12,-9946.06,-3914847.7,-3978423.4,,,
acoustic_line,"K_QE raw pair, no sum rule",,,,,[1-10],0.05,"order 4, chi=-1 ops 0",LA,47.330,-3803.006,-3988.446,-3803.01,-3988.45,-1521202.5,-1595378.5,,,
acoustic_line,"K_QE pair, separate distributed sum rule",,,,,[1-10],0.05,"order 4, chi=-1 ops 0",TA,27.418,280.472,267.865,280.472,267.865,112188.6,107145.9,,,
acoustic_line,"K_QE pair, separate distributed sum rule",,,,,[1-10],0.05,"order 4, chi=-1 ops 0",TA,32.514,-10680.502,-10805.332,-10680.5,-10805.3,-4272200.7,-4322132.6,,,
acoustic_line,"K_QE pair, separate distributed sum rule",,,,,[1-10],0.05,"order 4, chi=-1 ops 0",LA,47.330,-4565.772,-4712.090,-4565.77,-4712.09,-1826308.6,-1884836.0,,,
acoustic_line,"K_HA (production, B)",,,,,[1-10],0.025,"order 4, chi=-1 ops 0",TA,13.924,317.990,313.489,317.99,313.489,508784.5,501582.7,,,
acoustic_line,"K_HA (production, B)",,,,,[1-10],0.025,"order 4, chi=-1 ops 0",TA,16.567,-4.781,-49.343,-4.78112,-49.3427,-7649.8,-78948.4,,,
acoustic_line,"K_HA (production, B)",,,,,[1-10],0.025,"order 4, chi=-1 ops 0",LA,23.954,1065.107,1031.949,1065.11,1031.95,1704171.2,1651118.6,,,
acoustic_line,K_HA (QE rigid-ion convention),,,,,[1-10],0.025,"order 4, chi=-1 ops 0",TA,13.924,317.990,313.489,317.99,313.489,508784.5,501582.7,,,
acoustic_line,K_HA (QE rigid-ion convention),,,,,[1-10],0.025,"order 4, chi=-1 ops 0",TA,16.567,-67.895,-112.456,-67.8946,-112.456,-108631.3,-179929.9,,,
acoustic_line,K_HA (QE rigid-ion convention),,,,,[1-10],0.025,"order 4, chi=-1 ops 0",LA,23.954,970.840,937.682,970.84,937.682,1553343.3,1500290.7,,,
acoustic_line,"K_SCPH (production, C)",,,,,[1-10],0.025,"order 4, chi=-1 ops 0",TA,13.924,21.723,15.842,21.7231,15.8417,34756.9,25346.8,,,
acoustic_line,"K_SCPH (production, C)",,,,,[1-10],0.025,"order 4, chi=-1 ops 0",TA,16.567,-163.310,-207.093,-163.31,-207.093,-261296.2,-331349.4,,,
acoustic_line,"K_SCPH (production, C)",,,,,[1-10],0.025,"order 4, chi=-1 ops 0",LA,23.954,823.546,794.846,823.546,794.846,1317673.6,1271754.3,,,
acoustic_line,"K_QE raw pair, no sum rule",,,,,[1-10],0.025,"order 4, chi=-1 ops 0",TA,13.924,237.913,192.575,237.913,192.575,380661.5,308119.4,,,
acoustic_line,"K_QE raw pair, no sum rule",,,,,[1-10],0.025,"order 4, chi=-1 ops 0",TA,16.567,-2523.737,-2599.214,-2523.74,-2599.21,-4037980.0,-4158742.1,,,
acoustic_line,"K_QE raw pair, no sum rule",,,,,[1-10],0.025,"order 4, chi=-1 ops 0",LA,23.954,-1584.933,-1675.141,-1584.93,-1675.14,-2535892.4,-2680225.1,,,
acoustic_line,"K_QE pair, separate distributed sum rule",,,,,[1-10],0.025,"order 4, chi=-1 ops 0",TA,13.924,54.336,49.836,54.3362,49.8362,86937.9,79737.9,,,
acoustic_line,"K_QE pair, separate distributed sum rule",,,,,[1-10],0.025,"order 4, chi=-1 ops 0",TA,16.567,-2910.493,-2942.112,-2910.49,-2942.11,-4656788.1,-4707378.5,,,
acoustic_line,"K_QE pair, separate distributed sum rule",,,,,[1-10],0.025,"order 4, chi=-1 ops 0",LA,23.954,-1741.461,-1786.317,-1741.46,-1786.32,-2786336.9,-2858107.4,,,
acoustic_line,"K_HA (production, B)",,,,,[1-10],0.0125,"order 4, chi=-1 ops 0",TA,6.989,79.404,78.186,79.4041,78.1856,508186.5,500387.9,,,
acoustic_line,"K_HA (production, B)",,,,,[1-10],0.0125,"order 4, chi=-1 ops 0",TA,8.322,2.360,-8.924,2.35969,-8.92367,15102.0,-57111.5,,,
acoustic_line,"K_HA (production, B)",,,,,[1-10],0.0125,"order 4, chi=-1 ops 0",LA,12.012,265.526,257.054,265.526,257.054,1699367.5,1645148.0,,,
acoustic_line,K_HA (QE rigid-ion convention),,,,,[1-10],0.0125,"order 4, chi=-1 ops 0",TA,6.989,79.404,78.186,79.4041,78.1856,508186.5,500387.9,,,
acoustic_line,K_HA (QE rigid-ion convention),,,,,[1-10],0.0125,"order 4, chi=-1 ops 0",TA,8.322,-14.161,-25.444,-14.1606,-25.444,-90628.1,-162841.5,,,
acoustic_line,K_HA (QE rigid-ion convention),,,,,[1-10],0.0125,"order 4, chi=-1 ops 0",LA,12.012,241.335,232.863,241.335,232.863,1544541.3,1490321.8,,,
acoustic_line,"K_SCPH (production, C)",,,,,[1-10],0.0125,"order 4, chi=-1 ops 0",TA,6.989,5.120,3.575,5.12026,3.57532,32769.7,22882.1,,,
acoustic_line,"K_SCPH (production, C)",,,,,[1-10],0.0125,"order 4, chi=-1 ops 0",TA,8.322,-39.762,-50.853,-39.7618,-50.8531,-254475.2,-325460.0,,,
acoustic_line,"K_SCPH (production, C)",,,,,[1-10],0.0125,"order 4, chi=-1 ops 0",LA,12.012,206.682,199.334,206.682,199.334,1322763.0,1275738.0,,,
acoustic_line,"K_QE raw pair, no sum rule",,,,,[1-10],0.0125,"order 4, chi=-1 ops 0",TA,6.989,93.366,47.306,93.3663,47.3062,597544.1,302759.8,,,
acoustic_line,"K_QE raw pair, no sum rule",,,,,[1-10],0.0125,"order 4, chi=-1 ops 0",TA,8.322,-507.686,-562.237,-507.686,-562.237,-3249190.9,-3598315.4,,,
acoustic_line,"K_QE raw pair, no sum rule",,,,,[1-10],0.0125,"order 4, chi=-1 ops 0",LA,12.012,-500.569,-559.361,-500.569,-559.361,-3203644.6,-3579910.4,,,
acoustic_line,"K_QE pair, separate distributed sum rule",,,,,[1-10],0.0125,"order 4, chi=-1 ops 0",TA,6.989,12.383,11.165,12.3831,11.1649,79251.9,71455.2,,,
acoustic_line,"K_QE pair, separate distributed sum rule",,,,,[1-10],0.0125,"order 4, chi=-1 ops 0",TA,8.322,-744.192,-752.105,-744.192,-752.105,-4762831.9,-4813471.5,,,
acoustic_line,"K_QE pair, separate distributed sum rule",,,,,[1-10],0.0125,"order 4, chi=-1 ops 0",LA,12.012,-475.054,-486.819,-475.054,-486.819,-3040348.7,-3115641.0,,,
acoustic_line,"K_HA (production, B)",,,,,[111] Gamma-R,0.1,"order 2, chi=-1 ops 0",TA+TA,68.252 68.252,-2793.815 9851.362,-3143.095 9582.781,7057.55,6439.69,-279381.5 985136.2,-314309.5 958278.1,,,
acoustic_line,"K_HA (production, B)",,,,,[111] Gamma-R,0.1,"order 2, chi=-1 ops 0",LA,103.844,-23247.261,-22674.188,-23247.3,-22674.2,-2324726.1,-2267418.8,,,
acoustic_line,K_HA (QE rigid-ion convention),,,,,[111] Gamma-R,0.1,"order 2, chi=-1 ops 0",TA+TA,68.252 68.252,-2468.038 10322.261,-2817.317 10053.681,7854.22,7236.36,-246803.8 1032226.1,-281731.7 1005368.1,,,
acoustic_line,K_HA (QE rigid-ion convention),,,,,[111] Gamma-R,0.1,"order 2, chi=-1 ops 0",LA,103.844,-23479.843,-22906.771,-23479.8,-22906.8,-2347984.3,-2290677.1,,,
acoustic_line,"K_SCPH (production, C)",,,,,[111] Gamma-R,0.1,"order 2, chi=-1 ops 0",TA+TA,68.252 68.252,2218.351 7869.895,1832.131 7622.542,10088.2,9454.67,221835.1 786989.5,183213.1 762254.2,,,
acoustic_line,"K_SCPH (production, C)",,,,,[111] Gamma-R,0.1,"order 2, chi=-1 ops 0",LA,103.844,-19223.454,-18661.599,-19223.5,-18661.6,-1922345.4,-1866159.9,,,
acoustic_line,"K_QE raw pair, no sum rule",,,,,[111] Gamma-R,0.1,"order 2, chi=-1 ops 0",TA+TA,68.252 68.252,-1809.301 28306.917,-2056.211 28495.610,26497.6,26439.4,-180930.1 2830691.7,-205621.1 2849561.0,,,
acoustic_line,"K_QE raw pair, no sum rule",,,,,[111] Gamma-R,0.1,"order 2, chi=-1 ops 0",LA,103.844,-22056.197,-21868.800,-22056.2,-21868.8,-2205619.7,-2186880.0,,,
acoustic_line,"K_QE pair, separate distributed sum rule",,,,,[111] Gamma-R,0.1,"order 2, chi=-1 ops 0",TA+TA,68.252 68.252,-590.199 29717.680,-842.324 29912.208,29127.5,29069.9,-59019.9 2971768.0,-84232.4 2991220.8,,,
acoustic_line,"K_QE pair, separate distributed sum rule",,,,,[111] Gamma-R,0.1,"order 2, chi=-1 ops 0",LA,103.844,-22104.429,-21907.029,-22104.4,-21907,-2210442.9,-2190702.9,,,
acoustic_line,"K_HA (production, B)",,,,,[111] Gamma-R,0.05,"order 2, chi=-1 ops 0",TA+TA,37.512 37.512,-766.067 1222.945,-1044.772 1074.900,456.877,30.1282,-306426.9 489177.9,-417908.9 429960.1,,,
acoustic_line,"K_HA (production, B)",,,,,[111] Gamma-R,0.05,"order 2, chi=-1 ops 0",LA,56.487,-4918.953,-4661.585,-4918.95,-4661.58,-1967581.2,-1864634.0,,,
acoustic_line,K_HA (QE rigid-ion convention),,,,,[111] Gamma-R,0.05,"order 2, chi=-1 ops 0",TA+TA,37.512 37.512,-490.962 1589.729,-769.667 1441.684,1098.77,672.017,-196385.0 635891.4,-307866.9 576673.7,,,
acoustic_line,K_HA (QE rigid-ion convention),,,,,[111] Gamma-R,0.05,"order 2, chi=-1 ops 0",LA,56.487,-5124.095,-4866.728,-5124.1,-4866.73,-2049638.2,-1946691.0,,,
acoustic_line,"K_SCPH (production, C)",,,,,[111] Gamma-R,0.05,"order 2, chi=-1 ops 0",TA+TA,37.512 37.512,712.218 1529.931,429.814 1385.809,2242.15,1815.62,284887.3 611972.4,171925.7 554323.7,,,
acoustic_line,"K_SCPH (production, C)",,,,,[111] Gamma-R,0.05,"order 2, chi=-1 ops 0",LA,56.487,-4307.136,-4049.837,-4307.14,-4049.84,-1722854.4,-1619934.6,,,
acoustic_line,"K_QE raw pair, no sum rule",,,,,[111] Gamma-R,0.05,"order 2, chi=-1 ops 0",TA+TA,37.512 37.512,2076.933 10298.398,1876.190 10214.218,12375.3,12090.4,830773.2 4119359.3,750475.8 4085687.1,,,
acoustic_line,"K_QE raw pair, no sum rule",,,,,[111] Gamma-R,0.05,"order 2, chi=-1 ops 0",LA,56.487,272.407,315.505,272.407,315.505,108962.7,126201.9,,,
acoustic_line,"K_QE pair, separate distributed sum rule",,,,,[111] Gamma-R,0.05,"order 2, chi=-1 ops 0",TA+TA,37.512 37.512,2782.715 11244.689,2603.094 11187.312,14027.4,13790.4,1113085.9 4497875.8,1041237.5 4474924.6,,,
acoustic_line,"K_QE pair, separate distributed sum rule",,,,,[111] Gamma-R,0.05,"order 2, chi=-1 ops 0",LA,56.487,387.679,466.596,387.679,466.596,155071.7,186638.6,,,
acoustic_line,"K_HA (production, B)",,,,,[111] Gamma-R,0.025,"order 2, chi=-1 ops 0",TA+TA,19.227 19.227,-200.107 198.165,-291.433 154.120,-1.94185,-137.312,-320171.0 317064.1,-466292.4 246592.6,,,
acoustic_line,"K_HA (production, B)",,,,,[111] Gamma-R,0.025,"order 2, chi=-1 ops 0",LA,28.630,-1197.490,-1128.023,-1197.49,-1128.02,-1915984.7,-1804837.2,,,
acoustic_line,K_HA (QE rigid-ion convention),,,,,[111] Gamma-R,0.025,"order 2, chi=-1 ops 0",TA+TA,19.227 19.227,-108.226 318.498,-199.551 274.453,210.272,74.9018,-173160.8 509596.5,-319282.2 439125.0,,,
acoustic_line,K_HA (QE rigid-ion convention),,,,,[111] Gamma-R,0.025,"order 2, chi=-1 ops 0",LA,28.630,-1261.731,-1192.264,-1261.73,-1192.26,-2018769.4,-1907621.9,,,
acoustic_line,"K_SCPH (production, C)",,,,,[111] Gamma-R,0.025,"order 2, chi=-1 ops 0",TA+TA,19.227 19.227,185.822 348.412,94.123 305.202,534.233,399.326,297314.4 557458.6,150597.2 488323.8,,,
acoustic_line,"K_SCPH (production, C)",,,,,[111] Gamma-R,0.025,"order 2, chi=-1 ops 0",LA,28.630,-1063.176,-993.614,-1063.18,-993.614,-1701081.3,-1589782.2,,,
acoustic_line,"K_QE raw pair, no sum rule",,,,,[111] Gamma-R,0.025,"order 2, chi=-1 ops 0",TA+TA,19.227 19.227,808.302 2750.244,712.379 2681.259,3558.55,3393.64,1293282.5 4400390.9,1139805.7 4290013.7,,,
acoustic_line,"K_QE raw pair, no sum rule",,,,,[111] Gamma-R,0.025,"order 2, chi=-1 ops 0",LA,28.630,664.837,639.914,664.837,639.914,1063738.5,1023861.9,,,
acoustic_line,"K_QE pair, separate distributed sum rule",,,,,[111] Gamma-R,0.025,"order 2, chi=-1 ops 0",TA+TA,19.227 19.227,960.746 3105.164,903.870 3077.527,4065.91,3981.4,1537194.2 4968262.6,1446191.3 4924042.9,,,
acoustic_line,"K_QE pair, separate distributed sum rule",,,,,[111] Gamma-R,0.025,"order 2, chi=-1 ops 0",LA,28.630,609.625,628.876,609.625,628.876,975400.2,1006202.2,,,
acoustic_line,"K_HA (production, B)",,,,,[111] Gamma-R,0.0125,"order 2, chi=-1 ops 0",TA+TA,9.673 9.673,-50.533 42.469,-74.926 30.986,-8.06382,-43.9404,-323412.9 271804.5,-479527.1 198308.6,,,
acoustic_line,"K_HA (production, B)",,,,,[111] Gamma-R,0.0125,"order 2, chi=-1 ops 0",LA,14.359,-297.858,-280.210,-297.858,-280.21,-1906290.2,-1793344.6,,,
acoustic_line,K_HA (QE rigid-ion convention),,,,,[111] Gamma-R,0.0125,"order 2, chi=-1 ops 0",TA+TA,9.673 9.673,-25.876 74.622,-50.269 63.138,48.7456,12.869,-165609.0 477580.6,-321723.2 404084.7,,,
acoustic_line,K_HA (QE rigid-ion convention),,,,,[111] Gamma-R,0.0125,"order 2, chi=-1 ops 0",LA,14.359,-314.788,-297.140,-314.788,-297.14,-2014640.2,-1901694.7,,,
acoustic_line,"K_SCPH (production, C)",,,,,[111] Gamma-R,0.0125,"order 2, chi=-1 ops 0",TA+TA,9.673 9.673,47.028 85.011,22.580 73.727,132.039,96.3063,300979.8 544072.2,144510.3 471850.3,,,
acoustic_line,"K_SCPH (production, C)",,,,,[111] Gamma-R,0.0125,"order 2, chi=-1 ops 0",LA,14.359,-265.256,-247.579,-265.256,-247.579,-1697639.6,-1584503.0,,,
acoustic_line,"K_QE raw pair, no sum rule",,,,,[111] Gamma-R,0.0125,"order 2, chi=-1 ops 0",TA+TA,9.673 9.673,286.220 637.527,226.474 583.678,923.747,810.153,1831810.3 4080172.5,1449436.5 3735541.2,,,
acoustic_line,"K_QE raw pair, no sum rule",,,,,[111] Gamma-R,0.0125,"order 2, chi=-1 ops 0",LA,14.359,302.938,261.302,302.938,261.302,1938804.4,1672333.4,,,
acoustic_line,"K_QE pair, separate distributed sum rule",,,,,[111] Gamma-R,0.0125,"order 2, chi=-1 ops 0",TA+TA,9.673 9.673,258.270 796.566,243.212 788.679,1054.84,1031.89,1652925.4 5098024.8,1556557.9 5047547.9,,,
acoustic_line,"K_QE pair, separate distributed sum rule",,,,,[111] Gamma-R,0.0125,"order 2, chi=-1 ops 0",LA,14.359,186.767,191.521,186.767,191.521,1195306.4,1225734.3,,,
eta,construction B,,,,,,,,,,,,,,,,0.000693852,0.000692606,-0.00179669
eta,construction C,,,,,,,,,,,,,,,,0.000474941,0.00047412,-0.00172909
