# anphon SCPH od1 300 K on the re-expressed STO444_tut vs the original STO222 (both anphon, NONANALYTIC 3, T&T protocol).
mesh,quantity,Z_STO444,STO222,delta
i2s8,TO1,134.0184,134.0383,-0.0199
i2s8,TO2,185.3606,185.3767,-0.0161
i2s8,X_lowest,112.5919,112.5939,-0.0020
i2s8,M_lowest,80.8226,80.8183,0.0043
i2s8,R_AFD,28.9413,28.9293,0.0120
i2s8,R5+,139.8237,139.8252,-0.0015
i2s8,n_imag8,0.0000,0.0000,0.0000
i2s2,TO1,145.1547,145.1547,0.0000
i2s2,TO2,192.7344,192.7344,0.0000
i2s2,X_lowest,114.6713,114.6713,0.0000
i2s2,M_lowest,100.7808,100.7808,0.0000
i2s2,R_AFD,68.2238,68.2238,0.0000
i2s2,R5+,141.7739,141.7739,0.0000
i2s2,n_imag8,0.0000,0.0000,0.0000
